5	4265832	sha1:882f28859abf96606df0cc2cfd6f2ac560ba8674	http://appldnld.apple.com/osxassets/058-55450-2016008023-8A4D782E-661F-11E6-B483-D75733D2D062/com_apple_MobileAsset_DictionaryServices_dictionaryOSX/f9384c21fc7d64ad09992ad8bebbbfac16ad6a9d.zip	Apple Dictionary.dictionary	Apple Dictionary
5	14846454	sha1:6d947178c4aa72934bcfd95acae78a4d0690d9f8	http://appldnld.apple.com/osxassets/058-55450-2016008023-8A4D782E-661F-11E6-B483-D75733D2D062/com_apple_MobileAsset_DictionaryServices_dictionaryOSX/23dec88eb7643db8264fdbafe5a58ca0c75df64e.zip	Danish.dictionary	Politikens Nudansk Ordbog
5	12511484	sha1:29c5e8c8a4e1b7aed3599b1615d916aab8c0b3af	http://appldnld.apple.com/osxassets/058-55450-2016008023-8A4D782E-661F-11E6-B483-D75733D2D062/com_apple_MobileAsset_DictionaryServices_dictionaryOSX/64e08f5fa0fd1432ea6afc75875f2e71723efb77.zip	Dutch - English.dictionary	Prisma Handwoordenboek Engels
5	11658306	sha1:2d31001b60ef519d59d5f7b52afa93f911a4aac4	http://appldnld.apple.com/osxassets/058-55450-2016008023-8A4D782E-661F-11E6-B483-D75733D2D062/com_apple_MobileAsset_DictionaryServices_dictionaryOSX/7443efbf68330e129b3fd1812950b2f59b360728.zip	Dutch.dictionary	Prisma woordenboek Nederlands
5	23002390	sha1:0bde2758bc2effa45823845b36a740aa4f1bb653	http://appldnld.apple.com/osxassets/058-55450-2016008023-8A4D782E-661F-11E6-B483-D75733D2D062/com_apple_MobileAsset_DictionaryServices_dictionaryOSX/7ac74485b4c032edcbe3dc3757e07b02805c8a25.zip	French - English.dictionary	Oxford-Hachette French Dictionary
5	9242902	sha1:f9825f62517ee5cc831f951342b1541bc71b0c16	http://appldnld.apple.com/osxassets/058-55450-2016008023-8A4D782E-661F-11E6-B483-D75733D2D062/com_apple_MobileAsset_DictionaryServices_dictionaryOSX/693e41dd3f2d1be2533620fba2254ce64fe915fb.zip	French.dictionary	Multidictionnaire de la langue française
5	31055683	sha1:46af8726a1204c991ba27b5a56b1be1651174a6d	http://appldnld.apple.com/osxassets/058-55450-2016008023-8A4D782E-661F-11E6-B483-D75733D2D062/com_apple_MobileAsset_DictionaryServices_dictionaryOSX/c0c375b30a08877126624ee6cd9740efcdf236ea.zip	German - English.dictionary	Oxford German Dictionary
5	45931411	sha1:b4eaf08169ff5fbe2811fe2a0dcf54d4972c89be	http://appldnld.apple.com/osxassets/058-55450-2016008023-8A4D782E-661F-11E6-B483-D75733D2D062/com_apple_MobileAsset_DictionaryServices_dictionaryOSX/7c6c49b4d8b4ed29caf7954942c0b129d9940161.zip	Duden Dictionary Data Set I.dictionary	Duden-Wissensnetz deutsche Sprache
5	5528839	sha1:c7fa926740f69e263a3d33792ae0cf2467299456	http://appldnld.apple.com/osxassets/058-55450-2016008023-8A4D782E-661F-11E6-B483-D75733D2D062/com_apple_MobileAsset_DictionaryServices_dictionaryOSX/de0bfd462ef8f8bed68766a5a2a156bc8345ea74.zip	Hindi.dictionary	राजपाल हिन्दी शब्दकोश
5	27744091	sha1:43f538159855a6535759c265ff49c9e3a68f3999	http://appldnld.apple.com/osxassets/058-55450-2016008023-8A4D782E-661F-11E6-B483-D75733D2D062/com_apple_MobileAsset_DictionaryServices_dictionaryOSX/55535d99aa41b0bfe33278151502d1ab77fbb660.zip	Italian - English.dictionary	Oxford Paravia Il Dizionario inglese - italiano/italiano - inglese
5	24849470	sha1:7d1ff68e24e34cb7e4c5a066dcaa723d7a47c21a	http://appldnld.apple.com/osxassets/058-55450-2016008023-8A4D782E-661F-11E6-B483-D75733D2D062/com_apple_MobileAsset_DictionaryServices_dictionaryOSX/cdadb3e7567cfe9bdce87a3f468358ce25d7deca.zip	Italian.dictionary	Dizionario italiano da un affiliato di Oxford University Press
5	29800639	sha1:41bb87663a4e0a5fa296262d5fd506a4bae32e1e	http://appldnld.apple.com/osxassets/058-55450-2016008023-8A4D782E-661F-11E6-B483-D75733D2D062/com_apple_MobileAsset_DictionaryServices_dictionaryOSX/1a184f41ee27bbb203ba596a25c8ea104c13d98f.zip	Sanseido The WISDOM English-Japanese Japanese-English Dictionary.dictionary	ウィズダム英和辞典 / ウィズダム和英辞典
5	52468216	sha1:9688fb99f6c16fce3370c339ac8505bff701b82d	http://appldnld.apple.com/osxassets/058-55450-2016008023-8A4D782E-661F-11E6-B483-D75733D2D062/com_apple_MobileAsset_DictionaryServices_dictionaryOSX/590a824a56387e3f6b335d612c65bb290682e55c.zip	Sanseido Super Daijirin.dictionary	スーパー大辞林
5	49624812	sha1:1bbb01d3b55398428d5b266e2ef2751e0c10eac3	http://appldnld.apple.com/osxassets/058-55450-2016008023-8A4D782E-661F-11E6-B483-D75733D2D062/com_apple_MobileAsset_DictionaryServices_dictionaryOSX/a5b50a4e6301e4fe8ff6dcb4318bcfa58945e9fb.zip	Korean - English.dictionary	뉴에이스 영한사전 / 뉴에이스 한영사전
5	81756578	sha1:4743b12f26d1c86c8b9e3039deb7d31cf59eac60	http://appldnld.apple.com/osxassets/058-55450-2016008023-8A4D782E-661F-11E6-B483-D75733D2D062/com_apple_MobileAsset_DictionaryServices_dictionaryOSX/114c1bf9c7aaf0107a81cf3f476df1ec9d5efcd0.zip	Korean.dictionary	뉴에이스 국어사전
5	11953883	sha1:9be12d70fc7de3380cf16291504fdaf62a7ca5dd	http://appldnld.apple.com/osxassets/058-55450-2016008023-8A4D782E-661F-11E6-B483-D75733D2D062/com_apple_MobileAsset_DictionaryServices_dictionaryOSX/ce4f5bc93b29ba61378101b3b81a65eac4e346d6.zip	Norwegian.dictionary	Norsk Ordbok
5	65886888	sha1:4694c6889207a41ec2d73e92587348b58d4f9263	http://appldnld.apple.com/osxassets/058-55450-2016008023-8A4D782E-661F-11E6-B483-D75733D2D062/com_apple_MobileAsset_DictionaryServices_dictionaryOSX/fcc8673208806f2ffa3be05d1b4d35f7c7461401.zip	New Oxford American Dictionary.dictionary	New Oxford American Dictionary
5	4562069	sha1:1c6897bbf8a638196b00427e4c594823bf390a9c	http://appldnld.apple.com/osxassets/058-55450-2016008023-8A4D782E-661F-11E6-B483-D75733D2D062/com_apple_MobileAsset_DictionaryServices_dictionaryOSX/3300e8c78ceb9a7ceeb617334b1df9018e6b46b8.zip	Oxford American Writer's Thesaurus.dictionary	Oxford American Writer's Thesaurus
5	65768863	sha1:41d74b0724f534d25697bccb772583a496fb0dca	http://appldnld.apple.com/osxassets/058-55450-2016008023-8A4D782E-661F-11E6-B483-D75733D2D062/com_apple_MobileAsset_DictionaryServices_dictionaryOSX/5aa689bfd471f943f70bd220ec2ed3849b7dbec3.zip	Oxford Dictionary of English.dictionary	Oxford Dictionary of English
5	6601972	sha1:b11e99d2e942d9df58d2048af9f2987ec66605f3	http://appldnld.apple.com/osxassets/058-55450-2016008023-8A4D782E-661F-11E6-B483-D75733D2D062/com_apple_MobileAsset_DictionaryServices_dictionaryOSX/377ca105ade0203e0c89af6538f7b8ab0204dfba.zip	Oxford Thesaurus of English.dictionary	Oxford Thesaurus of English
5	26820964	sha1:e44df0e4e92941ef13ac60d44ecce2ddfa5312b2	http://appldnld.apple.com/osxassets/058-55450-2016008023-8A4D782E-661F-11E6-B483-D75733D2D062/com_apple_MobileAsset_DictionaryServices_dictionaryOSX/9b2b70ebb5f2b0337ad83dbdfe5e200580e31769.zip	Portuguese.dictionary	Dicionário de Português licenciado para Oxford University Press
5	12553385	sha1:f28d44f6b52f302dae72c0fa9e11e4f5e9975e6b	http://appldnld.apple.com/osxassets/058-55450-2016008023-8A4D782E-661F-11E6-B483-D75733D2D062/com_apple_MobileAsset_DictionaryServices_dictionaryOSX/9eb1f23c0876381a0f8343ee0c2fa75c31469874.zip	Russian.dictionary	Толковый словарь русского языка
5	31771398	sha1:e05c90585f0f2ccb492b8c95fa2e2e6c8c7a1351	http://appldnld.apple.com/osxassets/058-55450-2016008023-8A4D782E-661F-11E6-B483-D75733D2D062/com_apple_MobileAsset_DictionaryServices_dictionaryOSX/66c5a85f391ba52b28ebd80557e4c594a22e3a66.zip	Simplified Chinese - English.dictionary	牛津英汉汉英词典
5	16281977	sha1:11eb8cb211312d1f24dee59c818986a7f7e05886	http://appldnld.apple.com/osxassets/058-55450-2016008023-8A4D782E-661F-11E6-B483-D75733D2D062/com_apple_MobileAsset_DictionaryServices_dictionaryOSX/70c3b2017113ff7b48de3dc8b4aca7c548dd3c26.zip	The Standard Dictionary of Contemporary Chinese.dictionary	现代汉语规范词典
5	24974537	sha1:52bd9872321804b820f0e94e445c63556eec9402	http://appldnld.apple.com/osxassets/058-55450-2016008023-8A4D782E-661F-11E6-B483-D75733D2D062/com_apple_MobileAsset_DictionaryServices_dictionaryOSX/c2674c4955ec77c6ec38911cfc7627804e516dae.zip	Spanish - English.dictionary	Gran Diccionario Oxford - Español-Inglés • Inglés-Español
5	19276307	sha1:9ae1c7937f162c1a0089c41ab942107b3b640876	http://appldnld.apple.com/osxassets/058-55450-2016008023-8A4D782E-661F-11E6-B483-D75733D2D062/com_apple_MobileAsset_DictionaryServices_dictionaryOSX/7ef7d830d6f4566e12897ea22640df3f3952e254.zip	Spanish.dictionary	Diccionario General de la Lengua Española Vox
5	14613315	sha1:e1a0b123aa4ff92f37081bafa2e649534ec7a414	http://appldnld.apple.com/osxassets/058-55450-2016008023-8A4D782E-661F-11E6-B483-D75733D2D062/com_apple_MobileAsset_DictionaryServices_dictionaryOSX/3a6ba1eaf42a6dbaa79c84918febca3c001fc3e4.zip	Swedish.dictionary	NE Ordbok
5	4781647	sha1:978e8c391bbd5aeef1af9f8d3017af45dfc5a9bc	http://appldnld.apple.com/osxassets/058-55450-2016008023-8A4D782E-661F-11E6-B483-D75733D2D062/com_apple_MobileAsset_DictionaryServices_dictionaryOSX/558f4da14294a6eb6203c03e6bb582f0042eab9e.zip	Thai.dictionary	พจนานุกรมไทย ฉบับทันสมัยและสมบูรณ์
5	23827178	sha1:a29ccbf148890ceb97f85b8b04def16f230fcf0b	http://appldnld.apple.com/osxassets/058-55450-2016008023-8A4D782E-661F-11E6-B483-D75733D2D062/com_apple_MobileAsset_DictionaryServices_dictionaryOSX/94bf67a841921aa7402329595034152040f57bac.zip	Traditional Chinese.dictionary	五南國語活用辭典
5	19112	sha1:bdd0ad7bb68a375ff30f570d2c90f1bea5394fd3	http://appldnld.apple.com/osxassets/058-55450-2016008023-8A4D782E-661F-11E6-B483-D75733D2D062/com_apple_MobileAsset_DictionaryServices_dictionaryOSX/5037b02b1bea75d71df61e986ea78e68ceacb9e2.zip	TTY Abbreviations Dictionary.dictionary	TTY Dictionary
5	16129291	sha1:b41b0f3f6a781f633b27df9c546b9e0cf138ba5c	http://appldnld.apple.com/osxassets/058-55450-2016008023-8A4D782E-661F-11E6-B483-D75733D2D062/com_apple_MobileAsset_DictionaryServices_dictionaryOSX/2d2b503155603a6bf1b3a33120009ae963986eb2.zip	Turkish.dictionary	Arkadaş Türkçe Sözlük
6	4824370	sha1:7b89851376cad8ac803a888e125aaca61b3f89c1	http://appldnld.apple.com/ios11.0/048-04169-20171219-3E638938-E064-11E7-BED0-328EE988D09B/com_apple_MobileAsset_DictionaryServices_dictionaryOSX/0837a760353f9db422ce72d92ca68e42a7f42826.zip	Apple Dictionary.dictionary	Apple Dictionary
6	14833871	sha1:d3b8d0c48db4ba791c82f531ff65ca66b0bebba8	http://appldnld.apple.com/ios11.0/048-04169-20171219-3E638938-E064-11E7-BED0-328EE988D09B/com_apple_MobileAsset_DictionaryServices_dictionaryOSX/501f22067eb3ce5dd35e7565699c22511ffbff0f.zip	Danish.dictionary	Politikens Nudansk Ordbog
6	12501290	sha1:a1722f9a1614179b11959acd28c9b2f3f1b245b0	http://appldnld.apple.com/ios11.0/048-04169-20171219-3E638938-E064-11E7-BED0-328EE988D09B/com_apple_MobileAsset_DictionaryServices_dictionaryOSX/172165d7692ae7d71f7b52bf0b668080aa98f236.zip	Dutch - English.dictionary	Prisma Handwoordenboek Engels
6	11777849	sha1:0ef1f0dd47b7bc5a3d3c6ce31d9d9ae3dacfa5b6	http://appldnld.apple.com/ios11.0/048-04169-20171219-3E638938-E064-11E7-BED0-328EE988D09B/com_apple_MobileAsset_DictionaryServices_dictionaryOSX/07820537a1e4fdf76e2e7f4ba5691c0443900e69.zip	Dutch.dictionary	Prisma woordenboek Nederlands
6	23627616	sha1:10c4a2e7604750b89e30168e079a761d28c3920d	http://appldnld.apple.com/ios11.0/048-04169-20171219-3E638938-E064-11E7-BED0-328EE988D09B/com_apple_MobileAsset_DictionaryServices_dictionaryOSX/b3a30f85fd00c5915fd95bbb9dd2570d00f4be57.zip	French - English.dictionary	Oxford-Hachette French Dictionary
6	9307679	sha1:3e5ee2776392dfa812cab4a3df35d9fa5cda0585	http://appldnld.apple.com/ios11.0/048-04169-20171219-3E638938-E064-11E7-BED0-328EE988D09B/com_apple_MobileAsset_DictionaryServices_dictionaryOSX/1affab55f6fae807a6278e312e1ce217974f1cba.zip	French.dictionary	Multidictionnaire de la langue française
6	31771605	sha1:a55020b7ebbd93724a5921d9701008ee58adc9ac	http://appldnld.apple.com/ios11.0/048-04169-20171219-3E638938-E064-11E7-BED0-328EE988D09B/com_apple_MobileAsset_DictionaryServices_dictionaryOSX/7c086b7de17c00a3f48a276845a06a89b07e2bc6.zip	German - English.dictionary	Oxford German Dictionary
6	46300239	sha1:6abad5770f921bec4a3a669999eb7dfeccc8262a	http://appldnld.apple.com/ios11.0/048-04169-20171219-3E638938-E064-11E7-BED0-328EE988D09B/com_apple_MobileAsset_DictionaryServices_dictionaryOSX/0fada33c11631ecc3fe63b83cef91fd801320820.zip	Duden Dictionary Data Set I.dictionary	Duden-Wissensnetz deutsche Sprache
6	5557420	sha1:850ac61502def8e17d37d759d1d0f20e5745274f	http://appldnld.apple.com/ios11.0/048-04169-20171219-3E638938-E064-11E7-BED0-328EE988D09B/com_apple_MobileAsset_DictionaryServices_dictionaryOSX/adca17cee72f0b5b2396c86f2e98f84d5be3e335.zip	Hindi.dictionary	राजपाल हिन्दी शब्दकोश
6	28083323	sha1:d1ac9ea6833d7d8d6a2aecf77e4152b8c3723a3a	http://appldnld.apple.com/ios11.0/048-04169-20171219-3E638938-E064-11E7-BED0-328EE988D09B/com_apple_MobileAsset_DictionaryServices_dictionaryOSX/831b44b2609a9128043962e78cf9f9892f682e52.zip	Italian - English.dictionary	Oxford Paravia Il Dizionario inglese - italiano/italiano - inglese
6	24978294	sha1:15ea6164ed4944812e0b8604e21eb78f67245243	http://appldnld.apple.com/ios11.0/048-04169-20171219-3E638938-E064-11E7-BED0-328EE988D09B/com_apple_MobileAsset_DictionaryServices_dictionaryOSX/be6c596f9fab0d7e29f9d4f5cabaf63ffd71d78b.zip	Italian.dictionary	Dizionario italiano da un affiliato di Oxford University Press
6	30887989	sha1:33dbbbb14169bd3ab5d4f6380503f780b910f56c	http://appldnld.apple.com/ios11.0/048-04169-20171219-3E638938-E064-11E7-BED0-328EE988D09B/com_apple_MobileAsset_DictionaryServices_dictionaryOSX/69d9a5c927f04857f6abf7a0a9f144e194b5d0ce.zip	Sanseido The WISDOM English-Japanese Japanese-English Dictionary.dictionary	ウィズダム英和辞典 / ウィズダム和英辞典
6	52836549	sha1:007105af9f6656e9751b8bdf2a2142adb8d56806	http://appldnld.apple.com/ios11.0/048-04169-20171219-3E638938-E064-11E7-BED0-328EE988D09B/com_apple_MobileAsset_DictionaryServices_dictionaryOSX/2acb68c29fef8dda9e22f3aba05c15d8de24ec1d.zip	Sanseido Super Daijirin.dictionary	スーパー大辞林
6	50713134	sha1:95d859792134c7ba28b64cbdfeb4a624add7d6d7	http://appldnld.apple.com/ios11.0/048-04169-20171219-3E638938-E064-11E7-BED0-328EE988D09B/com_apple_MobileAsset_DictionaryServices_dictionaryOSX/d674e0c6aad6171b7ae7727ebdb2615451e3e0ba.zip	Korean - English.dictionary	뉴에이스 영한사전 / 뉴에이스 한영사전
6	82584948	sha1:064d2d564c388905acfbc4b83e641535b7a5da0c	http://appldnld.apple.com/ios11.0/048-04169-20171219-3E638938-E064-11E7-BED0-328EE988D09B/com_apple_MobileAsset_DictionaryServices_dictionaryOSX/628df1710e7d03f58f9061f5cb545f1d45f8f591.zip	Korean.dictionary	뉴에이스 국어사전
6	11970859	sha1:3ee2f377b359d4107580b366f23678036cdcd0e8	http://appldnld.apple.com/ios11.0/048-04169-20171219-3E638938-E064-11E7-BED0-328EE988D09B/com_apple_MobileAsset_DictionaryServices_dictionaryOSX/bd8eb141f2fe4984c290af793423cb1b1c454f97.zip	Norwegian.dictionary	Norsk Ordbok
6	31825216	sha1:696e9d73f9000a8b0cd53f60d455b0fbf8219e09	http://appldnld.apple.com/ios11.0/048-04169-20171219-3E638938-E064-11E7-BED0-328EE988D09B/com_apple_MobileAsset_DictionaryServices_dictionaryOSX/c134a7dd718303a9fe5cefcc18ed97823b9535e4.zip	New Oxford American Dictionary.dictionary	New Oxford American Dictionary
6	4560431	sha1:9a6b63793ea0e93c617f5b86d4b1498fd345bf7b	http://appldnld.apple.com/ios11.0/048-04169-20171219-3E638938-E064-11E7-BED0-328EE988D09B/com_apple_MobileAsset_DictionaryServices_dictionaryOSX/3e332dbb882b410b6b6a69a495c0b5da254ad3e8.zip	Oxford American Writer's Thesaurus.dictionary	Oxford American Writer’s Thesaurus
6	32351703	sha1:b9b89c1abb90d8758d750a92a20a9cbbbd6dd0a6	http://appldnld.apple.com/ios11.0/048-04169-20171219-3E638938-E064-11E7-BED0-328EE988D09B/com_apple_MobileAsset_DictionaryServices_dictionaryOSX/37db6ec28ffb59d782b3ad0caeb9878263b30e83.zip	Oxford Dictionary of English.dictionary	Oxford Dictionary of English
6	6597443	sha1:ce1294e9359c3e46aa8ad00b3492503a0c4e208b	http://appldnld.apple.com/ios11.0/048-04169-20171219-3E638938-E064-11E7-BED0-328EE988D09B/com_apple_MobileAsset_DictionaryServices_dictionaryOSX/79a3c51bca1ac42488f657ad302826a497665e68.zip	Oxford Thesaurus of English.dictionary	Oxford Thesaurus of English
6	17562351	sha1:e187cf4d6c9941ca14301147819d1afe288b3faa	http://appldnld.apple.com/ios11.0/048-04169-20171219-3E638938-E064-11E7-BED0-328EE988D09B/com_apple_MobileAsset_DictionaryServices_dictionaryOSX/163595ab3e757c8ac7fa284e89f101919e3ad920.zip	Portuguese - English.dictionary	Oxford Portuguese Dictionary - Português-Inglês • Inglês-Português
6	27429924	sha1:9e9178c01ac41fc0dd2f2ac9b01308a1d5a3b9ac	http://appldnld.apple.com/ios11.0/048-04169-20171219-3E638938-E064-11E7-BED0-328EE988D09B/com_apple_MobileAsset_DictionaryServices_dictionaryOSX/e8ea9a637c2543d68fc9937772678ef458451e28.zip	Portuguese.dictionary	Dicionário de Português licenciado para Oxford University Press
6	16530534	sha1:9a481d0ed1ad8577bff6d06fa5a0363641615825	http://appldnld.apple.com/ios11.0/048-04169-20171219-3E638938-E064-11E7-BED0-328EE988D09B/com_apple_MobileAsset_DictionaryServices_dictionaryOSX/369a651c59b447286bda1a88e6f93337ea2b6eef.zip	Russian - English.dictionary	Oxford Russian Dictionary - Русско-Английский • Англо-Русский
6	12028841	sha1:ae77998296da9e084adf67fdcc5ddb83ba4fc479	http://appldnld.apple.com/ios11.0/048-04169-20171219-3E638938-E064-11E7-BED0-328EE988D09B/com_apple_MobileAsset_DictionaryServices_dictionaryOSX/ed7018b4c1a1cbfffa92ed24801609ade9e09135.zip	Russian.dictionary	Толковый словарь русского языка
6	32041341	sha1:a5995c5e1c2db3b0aef517cf1c63e8b390137494	http://appldnld.apple.com/ios11.0/048-04169-20171219-3E638938-E064-11E7-BED0-328EE988D09B/com_apple_MobileAsset_DictionaryServices_dictionaryOSX/00fe33b89ddb5bfbec6a48090f5a03f21b0dc9a9.zip	Simplified Chinese - English.dictionary	牛津英汉汉英词典
6	16269109	sha1:1d8464ab57d7001db284155b1cfb87381642a099	http://appldnld.apple.com/ios11.0/048-04169-20171219-3E638938-E064-11E7-BED0-328EE988D09B/com_apple_MobileAsset_DictionaryServices_dictionaryOSX/03025889b8c40c9ebdcf930238950934907b3567.zip	The Standard Dictionary of Contemporary Chinese.dictionary	现代汉语规范词典
6	25641126	sha1:759bebe3d5adb5aad79945dc1d4a3826c2275f18	http://appldnld.apple.com/ios11.0/048-04169-20171219-3E638938-E064-11E7-BED0-328EE988D09B/com_apple_MobileAsset_DictionaryServices_dictionaryOSX/5a5d1a64a1b3187e4fd01269b429fe2cea29a2a2.zip	Spanish - English.dictionary	Gran Diccionario Oxford - Español-Inglés • Inglés-Español
6	19523460	sha1:f4244fb3516e55493fa6879f14d3e13bf609ae07	http://appldnld.apple.com/ios11.0/048-04169-20171219-3E638938-E064-11E7-BED0-328EE988D09B/com_apple_MobileAsset_DictionaryServices_dictionaryOSX/0d3632b81f23a58be798d068aa7971cee1f4eb15.zip	Spanish.dictionary	Diccionario General de la Lengua Española Vox
6	14606321	sha1:50314ee493a2545127e601d4cfc4179b5cb88e10	http://appldnld.apple.com/ios11.0/048-04169-20171219-3E638938-E064-11E7-BED0-328EE988D09B/com_apple_MobileAsset_DictionaryServices_dictionaryOSX/5e140f19645c3c1658cfa02eb7f67f6dc71c436e.zip	Swedish.dictionary	NE Ordbok
6	4837716	sha1:4c07aa69c43afdbaa6b5c7e9bf9e48f7b2c2897a	http://appldnld.apple.com/ios11.0/048-04169-20171219-3E638938-E064-11E7-BED0-328EE988D09B/com_apple_MobileAsset_DictionaryServices_dictionaryOSX/264ea7298b43550e97126ef4e78c2c01dc88a2df.zip	Thai.dictionary	พจนานุกรมไทย ฉบับทันสมัยและสมบูรณ์
6	23962205	sha1:ec9e4712c3a45799d18c6592ce380c9ce874f386	http://appldnld.apple.com/ios11.0/048-04169-20171219-3E638938-E064-11E7-BED0-328EE988D09B/com_apple_MobileAsset_DictionaryServices_dictionaryOSX/e77e8d208845e942b5328793dc0dbbd1985372ed.zip	Traditional Chinese.dictionary	五南國語活用辭典
6	19214	sha1:d62d85f01a1b7ecc71ce0fc144d71da5dc48b378	http://appldnld.apple.com/ios11.0/048-04169-20171219-3E638938-E064-11E7-BED0-328EE988D09B/com_apple_MobileAsset_DictionaryServices_dictionaryOSX/23f65aa3d23d8632e8e7b052e29e2099160ab0a3.zip	TTY Abbreviations Dictionary.dictionary	TTY Dictionary
6	15707403	sha1:569f2478cc25cc26edef96fb4876eeaea8e56d70	http://appldnld.apple.com/ios11.0/048-04169-20171219-3E638938-E064-11E7-BED0-328EE988D09B/com_apple_MobileAsset_DictionaryServices_dictionaryOSX/5eeabab99cb7c98e04a20dfbac393418bb3e67f3.zip	Turkish.dictionary	Arkadaş Türkçe Sözlük
7	4824367	sha1:6a2bfe2ea3f011cb5a3aa4f5051ddb179bcc3392	http://appldnld.apple.com/ios11.0/091-65654-20180306-F43DDB4C-1F01-11E8-B071-BA9988D28C9D/com_apple_MobileAsset_DictionaryServices_dictionaryOSX/cd4d7cc1cd227a13d2b9c029f86c940f94b7543a.zip	Apple Dictionary.dictionary	Apple Dictionary
7	14833870	sha1:db8426e978e7af3d8ae7f3f293b7ac2c94b2cfa3	http://appldnld.apple.com/ios11.0/091-65654-20180306-F43DDB4C-1F01-11E8-B071-BA9988D28C9D/com_apple_MobileAsset_DictionaryServices_dictionaryOSX/0670d3830194764a302b50bdd2c4547b307f0d6c.zip	Danish.dictionary	Politikens Nudansk Ordbog
7	12501290	sha1:b68f7e17013c78c8059c31e52b4d857e1848b82c	http://appldnld.apple.com/ios11.0/091-65654-20180306-F43DDB4C-1F01-11E8-B071-BA9988D28C9D/com_apple_MobileAsset_DictionaryServices_dictionaryOSX/414e9452160d5fc0fc0e7767b03ef6aa851c0055.zip	Dutch - English.dictionary	Prisma Handwoordenboek Engels
7	11777849	sha1:01bc6d424e62731b052ff0a41ec811ad655317b6	http://appldnld.apple.com/ios11.0/091-65654-20180306-F43DDB4C-1F01-11E8-B071-BA9988D28C9D/com_apple_MobileAsset_DictionaryServices_dictionaryOSX/51edf4b2dec345e08d5b5a931e316a2e6c14fc0a.zip	Dutch.dictionary	Prisma woordenboek Nederlands
7	23627617	sha1:1852e565383b1b78c5439dee446e659f8ced48c6	http://appldnld.apple.com/ios11.0/091-65654-20180306-F43DDB4C-1F01-11E8-B071-BA9988D28C9D/com_apple_MobileAsset_DictionaryServices_dictionaryOSX/e5ccfe0082277d86bcac7e63268a21272f704c34.zip	French - English.dictionary	Oxford-Hachette French Dictionary
7	9307679	sha1:2b2a8cad748ceea6d301b7089cc4f7986ee70794	http://appldnld.apple.com/ios11.0/091-65654-20180306-F43DDB4C-1F01-11E8-B071-BA9988D28C9D/com_apple_MobileAsset_DictionaryServices_dictionaryOSX/4c905ad089dd50104552abe99544943db8cbeed9.zip	French.dictionary	Multidictionnaire de la langue française
7	31771607	sha1:1d8749adce20eb93d229d95935426bd37779e1e1	http://appldnld.apple.com/ios11.0/091-65654-20180306-F43DDB4C-1F01-11E8-B071-BA9988D28C9D/com_apple_MobileAsset_DictionaryServices_dictionaryOSX/2a679af89e5bb8b417ff02b0fef81ca39ffad9a5.zip	German - English.dictionary	Oxford German Dictionary
7	46300239	sha1:e49d99cc9813c6e1ad3958b521f6d0e2fd7de22a	http://appldnld.apple.com/ios11.0/091-65654-20180306-F43DDB4C-1F01-11E8-B071-BA9988D28C9D/com_apple_MobileAsset_DictionaryServices_dictionaryOSX/59c252b96e44a6dbdc931e5b75a169f22eb6fa43.zip	Duden Dictionary Data Set I.dictionary	Duden-Wissensnetz deutsche Sprache
7	5724502	sha1:3f0555a20d1079cbfd584e30eed3b0ff7db2247f	http://appldnld.apple.com/ios11.0/091-65654-20180306-F43DDB4C-1F01-11E8-B071-BA9988D28C9D/com_apple_MobileAsset_DictionaryServices_dictionaryOSX/ec1ba230c1a91105caa167c221e495c76bc2989d.zip	Hindi.dictionary	राजपाल हिन्दी शब्दकोश
7	28083324	sha1:d6b47097a616ad0be680571ae783bbe0acbab44e	http://appldnld.apple.com/ios11.0/091-65654-20180306-F43DDB4C-1F01-11E8-B071-BA9988D28C9D/com_apple_MobileAsset_DictionaryServices_dictionaryOSX/d574b5371fbd293fe74c473f37a18fa300ecdc31.zip	Italian - English.dictionary	Oxford Paravia Il Dizionario inglese - italiano/italiano - inglese
7	24978294	sha1:adad691c0cda442f2ef1602d75b54e4d1df90b85	http://appldnld.apple.com/ios11.0/091-65654-20180306-F43DDB4C-1F01-11E8-B071-BA9988D28C9D/com_apple_MobileAsset_DictionaryServices_dictionaryOSX/e803a8eae08cb569ca8cf12d71e28015d2f525e8.zip	Italian.dictionary	Dizionario italiano da un affiliato di Oxford University Press
7	30887976	sha1:7fb78101a832560a1698e93665081561a1d568e7	http://appldnld.apple.com/ios11.0/091-65654-20180306-F43DDB4C-1F01-11E8-B071-BA9988D28C9D/com_apple_MobileAsset_DictionaryServices_dictionaryOSX/3fb6544c58d7f04015ded27812a932cbbb3122ad.zip	Sanseido The WISDOM English-Japanese Japanese-English Dictionary.dictionary	ウィズダム英和辞典 / ウィズダム和英辞典
7	52836549	sha1:8390776696f4a6cafdeda4aadf5ad82080744a91	http://appldnld.apple.com/ios11.0/091-65654-20180306-F43DDB4C-1F01-11E8-B071-BA9988D28C9D/com_apple_MobileAsset_DictionaryServices_dictionaryOSX/7ca49947e0c835cd7d57d6731b0463f2f1a01e7e.zip	Sanseido Super Daijirin.dictionary	スーパー大辞林
7	50713134	sha1:24d529b043be5cf9014fa82470caeff1d499c966	http://appldnld.apple.com/ios11.0/091-65654-20180306-F43DDB4C-1F01-11E8-B071-BA9988D28C9D/com_apple_MobileAsset_DictionaryServices_dictionaryOSX/801b1143d5f1af0c999257a606ea177e7e6712d9.zip	Korean - English.dictionary	뉴에이스 영한사전 / 뉴에이스 한영사전
7	82584948	sha1:8df3c4163f56b9fc2e586db6c12a78ddbe85c20a	http://appldnld.apple.com/ios11.0/091-65654-20180306-F43DDB4C-1F01-11E8-B071-BA9988D28C9D/com_apple_MobileAsset_DictionaryServices_dictionaryOSX/34e200f4715abbe26ce5442d700c29376a7c07f2.zip	Korean.dictionary	뉴에이스 국어사전
7	11970859	sha1:d29b6183c06703d3e3fd7d74fcbff40ac0e8eac1	http://appldnld.apple.com/ios11.0/091-65654-20180306-F43DDB4C-1F01-11E8-B071-BA9988D28C9D/com_apple_MobileAsset_DictionaryServices_dictionaryOSX/ebe140c48dd9f19321e58aa18f7bbd3133c1bdf4.zip	Norwegian.dictionary	Norsk Ordbok
7	31825215	sha1:77e03dafd881adfd99dab5412a86713b85b26d16	http://appldnld.apple.com/ios11.0/091-65654-20180306-F43DDB4C-1F01-11E8-B071-BA9988D28C9D/com_apple_MobileAsset_DictionaryServices_dictionaryOSX/975b56580ea4bbbe1d29ca14a3b5e1a81411c787.zip	New Oxford American Dictionary.dictionary	New Oxford American Dictionary
7	4560430	sha1:357cb2dfde8e988686462c4ebd1cc1a67e9b724d	http://appldnld.apple.com/ios11.0/091-65654-20180306-F43DDB4C-1F01-11E8-B071-BA9988D28C9D/com_apple_MobileAsset_DictionaryServices_dictionaryOSX/685cdc3ef70cf91c881f4c7c2e98c3f00ace218b.zip	Oxford American Writer's Thesaurus.dictionary	Oxford American Writer’s Thesaurus
7	32351702	sha1:a3439600b89bf9fa072b03ed9f30c8edb0395112	http://appldnld.apple.com/ios11.0/091-65654-20180306-F43DDB4C-1F01-11E8-B071-BA9988D28C9D/com_apple_MobileAsset_DictionaryServices_dictionaryOSX/61b49f47f0dce1c061c688d415e1f1a84c37fce0.zip	Oxford Dictionary of English.dictionary	Oxford Dictionary of English
7	6597441	sha1:54eba7a9dfb415e53a0bc6c10d0c6baf2866a89e	http://appldnld.apple.com/ios11.0/091-65654-20180306-F43DDB4C-1F01-11E8-B071-BA9988D28C9D/com_apple_MobileAsset_DictionaryServices_dictionaryOSX/2fcc349eb53d7c336b8372758b70508eb8e2ac0b.zip	Oxford Thesaurus of English.dictionary	Oxford Thesaurus of English
7	17562332	sha1:cfcd56a502ee1ef4fd3b0894b732eec0529427d8	http://appldnld.apple.com/ios11.0/091-65654-20180306-F43DDB4C-1F01-11E8-B071-BA9988D28C9D/com_apple_MobileAsset_DictionaryServices_dictionaryOSX/405a642e4152c49d248f0d9632a977bbb1be2b43.zip	Portuguese - English.dictionary	Oxford Portuguese Dictionary - Português-Inglês • Inglês-Português
7	27429924	sha1:c2a312a7edca1a38df5b1d84c77732926011fee9	http://appldnld.apple.com/ios11.0/091-65654-20180306-F43DDB4C-1F01-11E8-B071-BA9988D28C9D/com_apple_MobileAsset_DictionaryServices_dictionaryOSX/be856be60302fbc16cbcb6afc93ff8de77c1ec4b.zip	Portuguese.dictionary	Dicionário de Português licenciado para Oxford University Press
7	16530531	sha1:276cf896d9f88d02a84680c0ea91c4f016cbf889	http://appldnld.apple.com/ios11.0/091-65654-20180306-F43DDB4C-1F01-11E8-B071-BA9988D28C9D/com_apple_MobileAsset_DictionaryServices_dictionaryOSX/60f594992693ff3f88af3f505da1451dc5af9c8c.zip	Russian - English.dictionary	Oxford Russian Dictionary - Русско-Английский • Англо-Русский
7	12028841	sha1:4f6edf47245b8e8598c5380e615b16b5912a09af	http://appldnld.apple.com/ios11.0/091-65654-20180306-F43DDB4C-1F01-11E8-B071-BA9988D28C9D/com_apple_MobileAsset_DictionaryServices_dictionaryOSX/bb1fe931be8673e819e7c8fc3b4e7f87c6646356.zip	Russian.dictionary	Толковый словарь русского языка
7	32041351	sha1:a6ee97f7840b1edf7bc22e3d852a18ed4ce6bb9c	http://appldnld.apple.com/ios11.0/091-65654-20180306-F43DDB4C-1F01-11E8-B071-BA9988D28C9D/com_apple_MobileAsset_DictionaryServices_dictionaryOSX/5691c23de2fce3ec0f1f6dd1b40275d834893bca.zip	Simplified Chinese - English.dictionary	牛津英汉汉英词典
7	16269109	sha1:d32816f06244ea49b09c10010b617e4a07f271fb	http://appldnld.apple.com/ios11.0/091-65654-20180306-F43DDB4C-1F01-11E8-B071-BA9988D28C9D/com_apple_MobileAsset_DictionaryServices_dictionaryOSX/556da90cc7e3b4895ebab6da83cd7f1ebfffc704.zip	The Standard Dictionary of Contemporary Chinese.dictionary	现代汉语规范词典
7	25641126	sha1:e0b0051fd6a6d0e7d816f1238c6869f82120e848	http://appldnld.apple.com/ios11.0/091-65654-20180306-F43DDB4C-1F01-11E8-B071-BA9988D28C9D/com_apple_MobileAsset_DictionaryServices_dictionaryOSX/0c32ebe1de94a069aca537b10f718806c5ad50c1.zip	Spanish - English.dictionary	Gran Diccionario Oxford - Español-Inglés • Inglés-Español
7	19523460	sha1:6bf6b1871bb014e7f9d39ef852f4903f7f809a6c	http://appldnld.apple.com/ios11.0/091-65654-20180306-F43DDB4C-1F01-11E8-B071-BA9988D28C9D/com_apple_MobileAsset_DictionaryServices_dictionaryOSX/5b59c33d60041d9c04edf5b0112107e4ce701976.zip	Spanish.dictionary	Diccionario General de la Lengua Española Vox
7	14606322	sha1:151f9609ada6cf354e2f2f8e0701d847449983d0	http://appldnld.apple.com/ios11.0/091-65654-20180306-F43DDB4C-1F01-11E8-B071-BA9988D28C9D/com_apple_MobileAsset_DictionaryServices_dictionaryOSX/087bfe9c1b7b8401bbba85f60cae0947e898b10d.zip	Swedish.dictionary	NE Ordbok
7	4837704	sha1:e27873fe83f9413eb26d6b9adac74d722a859310	http://appldnld.apple.com/ios11.0/091-65654-20180306-F43DDB4C-1F01-11E8-B071-BA9988D28C9D/com_apple_MobileAsset_DictionaryServices_dictionaryOSX/702156acf464ed1974674b2c5cd45a2bf30c50bc.zip	Thai.dictionary	พจนานุกรมไทย ฉบับทันสมัยและสมบูรณ์
7	23012016	sha1:05ad3791bfc33b8073e24df0573f4ba03f4c663c	http://appldnld.apple.com/ios11.0/091-65654-20180306-F43DDB4C-1F01-11E8-B071-BA9988D28C9D/com_apple_MobileAsset_DictionaryServices_dictionaryOSX/a6081beb20514a028d9ed5ffe3ee5ba104645996.zip	Traditional Chinese - English.dictionary	譯典通英漢雙向字典
7	23962203	sha1:17e9f954d86334e509ac3b46ead710110ef7049d	http://appldnld.apple.com/ios11.0/091-65654-20180306-F43DDB4C-1F01-11E8-B071-BA9988D28C9D/com_apple_MobileAsset_DictionaryServices_dictionaryOSX/b1117ca5f76251555647a24b6755cdfbb7d7808e.zip	Traditional Chinese.dictionary	五南國語活用辭典
7	19203	sha1:a3405c2dc41b2990e64e178224036eedb807381b	http://appldnld.apple.com/ios11.0/091-65654-20180306-F43DDB4C-1F01-11E8-B071-BA9988D28C9D/com_apple_MobileAsset_DictionaryServices_dictionaryOSX/7599ab26ad1a3e250b92958a59c656b3398e42c0.zip	TTY Abbreviations Dictionary.dictionary	TTY Dictionary
7	15707403	sha1:6f9d60d656d44ce1eeb5e8733c284fd11832a11a	http://appldnld.apple.com/ios11.0/091-65654-20180306-F43DDB4C-1F01-11E8-B071-BA9988D28C9D/com_apple_MobileAsset_DictionaryServices_dictionaryOSX/08854b3ce3907199e7d728231761423294ba9590.zip	Turkish.dictionary	Arkadaş Türkçe Sözlük
8	5522874	sha1:e4a616662d7dc5520620e130b539773f475b87b6	http://updates-http.cdn-apple.com/2018/ios/091-97251-20180828-DB88F352-A4B7-11E8-A246-39142147FE1B/com_apple_MobileAsset_DictionaryServices_dictionaryOSX/33a1818533719b7ca4666c1651ae8e5ab61107a2.zip	Apple Dictionary.dictionary	Apple Dictionary
8	10060044	sha1:75e37301ac38aeacbf71b7ef23a21c80229405c1	http://updates-http.cdn-apple.com/2018/ios/091-97251-20180828-DB88F352-A4B7-11E8-A246-39142147FE1B/com_apple_MobileAsset_DictionaryServices_dictionaryOSX/7f816f4d8f0eea5175333ec8d2fedcdb870981f6.zip	Arabic - English.dictionary	Oxford Arabic Dictionary - عربي-إنجليزي • إنجليزي-عربي
8	14836124	sha1:0ed1b53099d339525888e28f12ac62b6c58c039c	http://updates-http.cdn-apple.com/2018/ios/091-97251-20180828-DB88F352-A4B7-11E8-A246-39142147FE1B/com_apple_MobileAsset_DictionaryServices_dictionaryOSX/f89c2ec7ffc7972546f4fc827b064e2e12d95ef4.zip	Danish.dictionary	Politikens Nudansk Ordbog
8	12503747	sha1:deac949fd9166d36d327181c90b277cd8af3c081	http://updates-http.cdn-apple.com/2018/ios/091-97251-20180828-DB88F352-A4B7-11E8-A246-39142147FE1B/com_apple_MobileAsset_DictionaryServices_dictionaryOSX/bfa26916e85ebeaf8ad1db5819fcecffa7ba53cd.zip	Dutch - English.dictionary	Prisma Handwoordenboek Engels
8	11780100	sha1:1b80c1ce262b3affbd0baeed4d71f825a67da2b2	http://updates-http.cdn-apple.com/2018/ios/091-97251-20180828-DB88F352-A4B7-11E8-A246-39142147FE1B/com_apple_MobileAsset_DictionaryServices_dictionaryOSX/af0109f62090a48ffb84f6acb7f3707b4eb2af92.zip	Dutch.dictionary	Prisma woordenboek Nederlands
8	23688368	sha1:43bea6acb8a8838946e21c74479a2b17169e783f	http://updates-http.cdn-apple.com/2018/ios/091-97251-20180828-DB88F352-A4B7-11E8-A246-39142147FE1B/com_apple_MobileAsset_DictionaryServices_dictionaryOSX/3c485dd0e224bf2b083819145103ad935265d888.zip	French - English.dictionary	Oxford-Hachette French Dictionary
8	9436175	sha1:6d6c5c3326a3ab166af8e480aa204635493d6137	http://updates-http.cdn-apple.com/2018/ios/091-97251-20180828-DB88F352-A4B7-11E8-A246-39142147FE1B/com_apple_MobileAsset_DictionaryServices_dictionaryOSX/b27ca794778eb17f338d07d63c868e689a6dbd41.zip	French.dictionary	Multidictionnaire de la langue française
8	32408774	sha1:040a3a163a5773966530db85e7a2ae91b60f150d	http://updates-http.cdn-apple.com/2018/ios/091-97251-20180828-DB88F352-A4B7-11E8-A246-39142147FE1B/com_apple_MobileAsset_DictionaryServices_dictionaryOSX/d372a5cd18c5d3486e510c1fc3093354c51ab784.zip	German - English.dictionary	Oxford German Dictionary
8	46302831	sha1:5448f2285e84cba2889221b597f3264cb5114d57	http://updates-http.cdn-apple.com/2018/ios/091-97251-20180828-DB88F352-A4B7-11E8-A246-39142147FE1B/com_apple_MobileAsset_DictionaryServices_dictionaryOSX/a72eaffd901747b4aa4cb264dc6373a70c10a9db.zip	Duden Dictionary Data Set I.dictionary	Duden-Wissensnetz deutsche Sprache
8	18408382	sha1:045b1209cd1f68a8bc200c4fa3433c04039ff395	http://updates-http.cdn-apple.com/2018/ios/091-97251-20180828-DB88F352-A4B7-11E8-A246-39142147FE1B/com_apple_MobileAsset_DictionaryServices_dictionaryOSX/92058b238e8b1b782eba506e1436086853781ef3.zip	Hebrew.dictionary	מילון אבן-שושן מחודש ומותאם לשנות האלפיים
8	12770070	sha1:d76e5906ec071b7522b0dc4943f13f9d05a213c7	http://updates-http.cdn-apple.com/2018/ios/091-97251-20180828-DB88F352-A4B7-11E8-A246-39142147FE1B/com_apple_MobileAsset_DictionaryServices_dictionaryOSX/6fcf5edfd5a81b8be26ae9687266754e0577f6d3.zip	Hindi - English.dictionary	Oxford Hindi Dictionaries
8	5726735	sha1:572b91acac7275d05f15841191edd08e4023ff09	http://updates-http.cdn-apple.com/2018/ios/091-97251-20180828-DB88F352-A4B7-11E8-A246-39142147FE1B/com_apple_MobileAsset_DictionaryServices_dictionaryOSX/12f75f743ffaf06abc7ecbfd88268f924964cb05.zip	Hindi.dictionary	राजपाल हिन्दी शब्दकोश
8	29082453	sha1:835d68236e53795d3a14aa4229a1e0c111eb1882	http://updates-http.cdn-apple.com/2018/ios/091-97251-20180828-DB88F352-A4B7-11E8-A246-39142147FE1B/com_apple_MobileAsset_DictionaryServices_dictionaryOSX/97be50cf48e45e1280aa81457401da2a9b3712bc.zip	Italian - English.dictionary	Oxford Paravia Il Dizionario inglese - italiano/italiano - inglese
8	24980734	sha1:fb2e58c0f97a5855b99da741c0b412cc1308867d	http://updates-http.cdn-apple.com/2018/ios/091-97251-20180828-DB88F352-A4B7-11E8-A246-39142147FE1B/com_apple_MobileAsset_DictionaryServices_dictionaryOSX/16ef55ae1edf5406bc535d12d8209a40f0537670.zip	Italian.dictionary	Dizionario italiano da un affiliato di Oxford University Press
8	38515695	sha1:20a21f7ba72457955fa234452878b0cc789255a1	http://updates-http.cdn-apple.com/2018/ios/091-97251-20180828-DB88F352-A4B7-11E8-A246-39142147FE1B/com_apple_MobileAsset_DictionaryServices_dictionaryOSX/c15aa908a684112f63017e47bb6b289e99977135.zip	Sanseido The WISDOM English-Japanese Japanese-English Dictionary.dictionary	ウィズダム英和辞典 / ウィズダム和英辞典
8	73705897	sha1:f7bbb44a9d3cf742f12f2ff279da0b04ea9d2369	http://updates-http.cdn-apple.com/2018/ios/091-97251-20180828-DB88F352-A4B7-11E8-A246-39142147FE1B/com_apple_MobileAsset_DictionaryServices_dictionaryOSX/824864031e9bd4a20b887a4cb2c679a7d3064de6.zip	Sanseido Super Daijirin.dictionary	スーパー大辞林
8	50715598	sha1:c022d2aa318137333fe5d06e5e242ee30886e782	http://updates-http.cdn-apple.com/2018/ios/091-97251-20180828-DB88F352-A4B7-11E8-A246-39142147FE1B/com_apple_MobileAsset_DictionaryServices_dictionaryOSX/7ef7ec072ba24e63ef4dfb99af280d2b5cc14141.zip	Korean - English.dictionary	뉴에이스 영한사전 / 뉴에이스 한영사전
8	82587200	sha1:0c758d21792b1b994b5a56b77a7f3c696810b172	http://updates-http.cdn-apple.com/2018/ios/091-97251-20180828-DB88F352-A4B7-11E8-A246-39142147FE1B/com_apple_MobileAsset_DictionaryServices_dictionaryOSX/ca0efdb08f095a8d1a3ae812d9ce336248da546a.zip	Korean.dictionary	뉴에이스 국어사전
8	11973181	sha1:c3dcd648e409bb0c67805b01b51e0baacd40eec1	http://updates-http.cdn-apple.com/2018/ios/091-97251-20180828-DB88F352-A4B7-11E8-A246-39142147FE1B/com_apple_MobileAsset_DictionaryServices_dictionaryOSX/150dbd80738a10fc573a269e26b9a7641167ee6c.zip	Norwegian.dictionary	Norsk Ordbok
8	31830656	sha1:da3b68f4292ac84d6ca261568b55a5167937b3c0	http://updates-http.cdn-apple.com/2018/ios/091-97251-20180828-DB88F352-A4B7-11E8-A246-39142147FE1B/com_apple_MobileAsset_DictionaryServices_dictionaryOSX/69b7ab1cf0f75ad16bf6662b0a77fbfd36b7941f.zip	New Oxford American Dictionary.dictionary	New Oxford American Dictionary
8	4563525	sha1:48ac08e25e74e28b804b2c89bc4b97bc4357337c	http://updates-http.cdn-apple.com/2018/ios/091-97251-20180828-DB88F352-A4B7-11E8-A246-39142147FE1B/com_apple_MobileAsset_DictionaryServices_dictionaryOSX/96b0217a095f1873fec0e043875ad9a528687213.zip	Oxford American Writer's Thesaurus.dictionary	Oxford American Writer’s Thesaurus
8	32354511	sha1:60e9c0425e5a2110d94c513909a291520e4dd485	http://updates-http.cdn-apple.com/2018/ios/091-97251-20180828-DB88F352-A4B7-11E8-A246-39142147FE1B/com_apple_MobileAsset_DictionaryServices_dictionaryOSX/9f5862030e8f00af171924ebbc23ebfd6e91af78.zip	Oxford Dictionary of English.dictionary	Oxford Dictionary of English
8	6600426	sha1:43ae92dfff5506a541df1dfced1ffc3b3ff5b996	http://updates-http.cdn-apple.com/2018/ios/091-97251-20180828-DB88F352-A4B7-11E8-A246-39142147FE1B/com_apple_MobileAsset_DictionaryServices_dictionaryOSX/d120c9da4b6e9d5c1d5cde4a22b24adb9a44ff93.zip	Oxford Thesaurus of English.dictionary	Oxford Thesaurus of English
8	17675475	sha1:46dd466d88ef4a7e82c5a90ef2788c7cfead0fe2	http://updates-http.cdn-apple.com/2018/ios/091-97251-20180828-DB88F352-A4B7-11E8-A246-39142147FE1B/com_apple_MobileAsset_DictionaryServices_dictionaryOSX/990d433de6b8b596f6fc3206ec46339121e1c08b.zip	Portuguese - English.dictionary	Oxford Portuguese Dictionary - Português-Inglês • Inglês-Português
8	27432256	sha1:0b1abac9766d94988da8f3dc3fea21807de9f190	http://updates-http.cdn-apple.com/2018/ios/091-97251-20180828-DB88F352-A4B7-11E8-A246-39142147FE1B/com_apple_MobileAsset_DictionaryServices_dictionaryOSX/406996a2fd511aae1a631a9060fde28b5567bfd3.zip	Portuguese.dictionary	Dicionário de Português licenciado para Oxford University Press
8	16869392	sha1:1cfafaece8a9d0e6bdd25b714c8a66ca4244cdb4	http://updates-http.cdn-apple.com/2018/ios/091-97251-20180828-DB88F352-A4B7-11E8-A246-39142147FE1B/com_apple_MobileAsset_DictionaryServices_dictionaryOSX/1dbad85e1eeedd4c868b9028e3f0b9836fd082a6.zip	Russian - English.dictionary	Oxford Russian Dictionary - Русско-Английский • Англо-Русский
8	12041386	sha1:5dae3ea4c0fc19f997e43387ec2d5b52ed38584a	http://updates-http.cdn-apple.com/2018/ios/091-97251-20180828-DB88F352-A4B7-11E8-A246-39142147FE1B/com_apple_MobileAsset_DictionaryServices_dictionaryOSX/45f3147540d592876f3864c3928c65d2e4c230ce.zip	Russian.dictionary	Толковый словарь русского языка
8	32651448	sha1:ef108bff8c57a2b398d395294c2a7a07dd0e4bac	http://updates-http.cdn-apple.com/2018/ios/091-97251-20180828-DB88F352-A4B7-11E8-A246-39142147FE1B/com_apple_MobileAsset_DictionaryServices_dictionaryOSX/5aa27f60cc941554d8659e07f62a2e96ef5e5095.zip	Simplified Chinese - English.dictionary	牛津英汉汉英词典
8	16266805	sha1:e457d224cbc5cfef5420b4af7269a654ac72ed38	http://updates-http.cdn-apple.com/2018/ios/091-97251-20180828-DB88F352-A4B7-11E8-A246-39142147FE1B/com_apple_MobileAsset_DictionaryServices_dictionaryOSX/ab81544839b055e628651ae52a0f654b9d59949c.zip	The Standard Dictionary of Contemporary Chinese.dictionary	现代汉语规范词典
8	25449022	sha1:5c5ed40cdc9f1443f9b73e3bafafc88889f115af	http://updates-http.cdn-apple.com/2018/ios/091-97251-20180828-DB88F352-A4B7-11E8-A246-39142147FE1B/com_apple_MobileAsset_DictionaryServices_dictionaryOSX/a13421bdff313eedfbff1761cdbf9081f2d3a566.zip	Spanish - English.dictionary	Gran Diccionario Oxford - Español-Inglés • Inglés-Español
8	19525539	sha1:25aba63a792cfeeec9772247860f3fb0b2a7e99e	http://updates-http.cdn-apple.com/2018/ios/091-97251-20180828-DB88F352-A4B7-11E8-A246-39142147FE1B/com_apple_MobileAsset_DictionaryServices_dictionaryOSX/362cd9069e8641d0a2694b57acdef55b3490e20b.zip	Spanish.dictionary	Diccionario General de la Lengua Española Vox
8	14608603	sha1:54f291bde885b598f81110ba8973f302527fce98	http://updates-http.cdn-apple.com/2018/ios/091-97251-20180828-DB88F352-A4B7-11E8-A246-39142147FE1B/com_apple_MobileAsset_DictionaryServices_dictionaryOSX/f69703d8e528656ecd6529c9a56c1312ca3ee295.zip	Swedish.dictionary	NE Ordbok
8	4839923	sha1:3a0ee9b823725a4a5276ca93f5f534b16b340c36	http://updates-http.cdn-apple.com/2018/ios/091-97251-20180828-DB88F352-A4B7-11E8-A246-39142147FE1B/com_apple_MobileAsset_DictionaryServices_dictionaryOSX/8ecdabe80a370c7602b8e713f516407ed1aa0324.zip	Thai.dictionary	พจนานุกรมไทย ฉบับทันสมัยและสมบูรณ์
8	22983927	sha1:faeddc29bf1fe4a0d80515aec08114ca92239964	http://updates-http.cdn-apple.com/2018/ios/091-97251-20180828-DB88F352-A4B7-11E8-A246-39142147FE1B/com_apple_MobileAsset_DictionaryServices_dictionaryOSX/1e2fc67dbd7e691180672c52ebf4e3281a52cbbb.zip	Traditional Chinese - English.dictionary	譯典通英漢雙向字典
8	23968422	sha1:4612fb892d322a1cb4a616cfcc7c063f7c02c7ce	http://updates-http.cdn-apple.com/2018/ios/091-97251-20180828-DB88F352-A4B7-11E8-A246-39142147FE1B/com_apple_MobileAsset_DictionaryServices_dictionaryOSX/4ffd81e10931b03a20980e74ce97d7ae9571d316.zip	Traditional Chinese.dictionary	五南國語活用辭典
8	19067	sha1:22afcd09816745367f6774c82ba28bcd05f0ee2e	http://updates-http.cdn-apple.com/2018/ios/091-97251-20180828-DB88F352-A4B7-11E8-A246-39142147FE1B/com_apple_MobileAsset_DictionaryServices_dictionaryOSX/8b7556625349df4a7d4d39b5f0044ce61b281158.zip	TTY Abbreviations Dictionary.dictionary	TTY Dictionary
8	15709675	sha1:e574384554cb126129ab6f8cf580cb98f8a7a7de	http://updates-http.cdn-apple.com/2018/ios/091-97251-20180828-DB88F352-A4B7-11E8-A246-39142147FE1B/com_apple_MobileAsset_DictionaryServices_dictionaryOSX/f669b6781dc390f69108841cbea35867b61cc608.zip	Turkish.dictionary	Arkadaş Türkçe Sözlük
9	4920496	sha1:2621de05bd8a682d06c646b985890fca358f92ce	http://updates-http.cdn-apple.com/2020/ios/061-44372-20200220-8BA15C84-59C5-11EA-B70E-B650B266629D/com_apple_MobileAsset_DictionaryServices_dictionaryOSX/976258f0b1fad70dd8e7ee7c1b4be8f8536e19a7.zip	Apple Dictionary.dictionary	Apple Dictionary
9	10195634	sha1:48d9d3bc4fd71f8e0eb3a1f3a81123a13b7329e3	http://updates-http.cdn-apple.com/2020/ios/061-44372-20200220-8BA15C84-59C5-11EA-B70E-B650B266629D/com_apple_MobileAsset_DictionaryServices_dictionaryOSX/bc678871d8eaf755d3672b41ad7e8fa88387becb.zip	Arabic - English.dictionary	Oxford Arabic Dictionary - عربي-إنجليزي • إنجليزي-عربي
9	14674998	sha1:99011bcf5c78cf04cdc5d351ad2dbfc9c0804195	http://updates-http.cdn-apple.com/2020/ios/061-44372-20200220-8BA15C84-59C5-11EA-B70E-B650B266629D/com_apple_MobileAsset_DictionaryServices_dictionaryOSX/21eca6319bcf9f06fdd31e5cb02af252199d00d9.zip	Danish.dictionary	Politikens Nudansk Ordbog
9	12433772	sha1:713c4d703b410aa94d5cfc4e11210a80546f5a4d	http://updates-http.cdn-apple.com/2020/ios/061-44372-20200220-8BA15C84-59C5-11EA-B70E-B650B266629D/com_apple_MobileAsset_DictionaryServices_dictionaryOSX/66d2e1e08c56b68c31f63986d2d05083acfe0de0.zip	Dutch - English.dictionary	Prisma Handwoordenboek Engels
9	11746918	sha1:d2fecc90924b0fc1771cc1cd088914685c77ca8f	http://updates-http.cdn-apple.com/2020/ios/061-44372-20200220-8BA15C84-59C5-11EA-B70E-B650B266629D/com_apple_MobileAsset_DictionaryServices_dictionaryOSX/68dae075d72cb55f041a73d3c28dfd0a1ab33ac8.zip	Dutch.dictionary	Prisma woordenboek Nederlands
9	19811590	sha1:3135d8ab612ab3226cd41ab34c21cccbc8b49fd7	http://updates-http.cdn-apple.com/2020/ios/061-44372-20200220-8BA15C84-59C5-11EA-B70E-B650B266629D/com_apple_MobileAsset_DictionaryServices_dictionaryOSX/21e685020bf80e4f27774189b00b6c549d213012.zip	French - English.dictionary	Oxford-Hachette French Dictionary
9	9443808	sha1:1ce4b9a20bb2c06dc1ad47cf60b8c29dc559afe8	http://updates-http.cdn-apple.com/2020/ios/061-44372-20200220-8BA15C84-59C5-11EA-B70E-B650B266629D/com_apple_MobileAsset_DictionaryServices_dictionaryOSX/3a05527a5cf89ca1e975dfef8c7f8195b0318c98.zip	French.dictionary	Multidictionnaire de la langue française
9	30739153	sha1:34f04ac7c4fd32d51da58feb8af93d7f1e0ae47d	http://updates-http.cdn-apple.com/2020/ios/061-44372-20200220-8BA15C84-59C5-11EA-B70E-B650B266629D/com_apple_MobileAsset_DictionaryServices_dictionaryOSX/a1d5710e8c3932361413f22ff588a1a3c7c337bf.zip	German - English.dictionary	Oxford German Dictionary
9	62923206	sha1:1baff0daab7cb7da9782ca8d5acfc3e62ee78369	http://updates-http.cdn-apple.com/2020/ios/061-44372-20200220-8BA15C84-59C5-11EA-B70E-B650B266629D/com_apple_MobileAsset_DictionaryServices_dictionaryOSX/24effbf40402f823bb9d9f6f12b75af3e679a4a6.zip	Duden Dictionary Data Set I.dictionary	Duden-Wissensnetz deutsche Sprache
9	18408295	sha1:e1704d6e79eaed993b28cb9b5fbc311309edb498	http://updates-http.cdn-apple.com/2020/ios/061-44372-20200220-8BA15C84-59C5-11EA-B70E-B650B266629D/com_apple_MobileAsset_DictionaryServices_dictionaryOSX/ae497070d7026acc3239d5cee715da1df4c83d46.zip	Hebrew.dictionary	מילון אבן-שושן מחודש ומותאם לשנות האלפיים
9	12937268	sha1:c824770dc875edd7e9329ebe9e2f487391947eb0	http://updates-http.cdn-apple.com/2020/ios/061-44372-20200220-8BA15C84-59C5-11EA-B70E-B650B266629D/com_apple_MobileAsset_DictionaryServices_dictionaryOSX/f0140307fd18a732104a0fccec27d8700ef3c3fb.zip	Hindi - English.dictionary	Oxford Hindi Dictionaries - हिन्दी-अंग्रेज़ी • अंग्रेज़ी-हिन्दी
9	5719576	sha1:ae92534d42efcf6a7858d1c24db47f42eb7de9fd	http://updates-http.cdn-apple.com/2020/ios/061-44372-20200220-8BA15C84-59C5-11EA-B70E-B650B266629D/com_apple_MobileAsset_DictionaryServices_dictionaryOSX/1af9599b375f186e1f5136f69c67314f02c84b33.zip	Hindi.dictionary	राजपाल हिन्दी शब्दकोश
9	28876666	sha1:5ca8127a454b9e6f5091c57ce5eb92c08cb05bcd	http://updates-http.cdn-apple.com/2020/ios/061-44372-20200220-8BA15C84-59C5-11EA-B70E-B650B266629D/com_apple_MobileAsset_DictionaryServices_dictionaryOSX/00abe77b458b6a416755e45dbc445620c2a4fb2b.zip	Italian - English.dictionary	Oxford Paravia Il Dizionario inglese - italiano/italiano - inglese
9	24785199	sha1:a80c0cd333c6809fc9961c4ff0007fc4c1b8315d	http://updates-http.cdn-apple.com/2020/ios/061-44372-20200220-8BA15C84-59C5-11EA-B70E-B650B266629D/com_apple_MobileAsset_DictionaryServices_dictionaryOSX/d134bc2de96345d643cdd86dad5e1731a452e32a.zip	Italian.dictionary	Dizionario italiano da un affiliato di Oxford University Press
9	38891138	sha1:b684672cf9cea0ecfb5ac12e4af926ed34496ff9	http://updates-http.cdn-apple.com/2020/ios/061-44372-20200220-8BA15C84-59C5-11EA-B70E-B650B266629D/com_apple_MobileAsset_DictionaryServices_dictionaryOSX/398697a694edae17b9c83546089e3834cb3ed96d.zip	Sanseido The WISDOM English-Japanese Japanese-English Dictionary.dictionary	ウィズダム英和辞典 / ウィズダム和英辞典
9	73705951	sha1:8f23e82a5f4932e17089ea73d17d897b668fb358	http://updates-http.cdn-apple.com/2020/ios/061-44372-20200220-8BA15C84-59C5-11EA-B70E-B650B266629D/com_apple_MobileAsset_DictionaryServices_dictionaryOSX/696aefd46a36296fe1614da8660175a7c5f15482.zip	Sanseido Super Daijirin.dictionary	スーパー大辞林
9	51951895	sha1:615275b02db6184bea8dc3888103117986ae7739	http://updates-http.cdn-apple.com/2020/ios/061-44372-20200220-8BA15C84-59C5-11EA-B70E-B650B266629D/com_apple_MobileAsset_DictionaryServices_dictionaryOSX/b42b504d8dc04b7d4b56f9f2da603ac1f854ba2c.zip	Korean - English.dictionary	뉴에이스 영한사전 / 뉴에이스 한영사전
9	82587130	sha1:fb70402ac14375a3e54ca25e8e65cc7b056c19ed	http://updates-http.cdn-apple.com/2020/ios/061-44372-20200220-8BA15C84-59C5-11EA-B70E-B650B266629D/com_apple_MobileAsset_DictionaryServices_dictionaryOSX/8ea91f64222665bce65d8e587ddc0ba527f40f6d.zip	Korean.dictionary	뉴에이스 국어사전
9	11821601	sha1:e784a2a41f5818f504d1a28fed19353622b47e48	http://updates-http.cdn-apple.com/2020/ios/061-44372-20200220-8BA15C84-59C5-11EA-B70E-B650B266629D/com_apple_MobileAsset_DictionaryServices_dictionaryOSX/d2d654038436012ca8a4a3e153c72a1545667b36.zip	Norwegian.dictionary	Norsk Ordbok
9	33140495	sha1:06383b5cbe73bb88a9f4839c6fc81f4d95299a9a	http://updates-http.cdn-apple.com/2020/ios/061-44372-20200220-8BA15C84-59C5-11EA-B70E-B650B266629D/com_apple_MobileAsset_DictionaryServices_dictionaryOSX/4094df88727a054b658681dfb74f23702d3c985e.zip	New Oxford American Dictionary.dictionary	New Oxford American Dictionary
9	6875573	sha1:98edcb85998dca45d3d0f4812fddf65caa437bce	http://updates-http.cdn-apple.com/2020/ios/061-44372-20200220-8BA15C84-59C5-11EA-B70E-B650B266629D/com_apple_MobileAsset_DictionaryServices_dictionaryOSX/96d637557afb292134db05d7d7f30c0fed9cef9f.zip	Oxford American Writer's Thesaurus.dictionary	Oxford American Writer’s Thesaurus
9	33530335	sha1:7ed6d0fe0f428516785ac36f1065883cbe77a305	http://updates-http.cdn-apple.com/2020/ios/061-44372-20200220-8BA15C84-59C5-11EA-B70E-B650B266629D/com_apple_MobileAsset_DictionaryServices_dictionaryOSX/26e585a43423edb02b25fa7ba9af3fdc08eed6d7.zip	Oxford Dictionary of English.dictionary	Oxford Dictionary of English
9	6908459	sha1:9193609e6e145f3f41400d86022cc68f01acf36c	http://updates-http.cdn-apple.com/2020/ios/061-44372-20200220-8BA15C84-59C5-11EA-B70E-B650B266629D/com_apple_MobileAsset_DictionaryServices_dictionaryOSX/8f75a23180f1d8766984920e4a78cf41d00989ba.zip	Oxford Thesaurus of English.dictionary	Oxford Thesaurus of English
9	17717815	sha1:72488f4f216837fc32f043572b55dafa07fa7e4d	http://updates-http.cdn-apple.com/2020/ios/061-44372-20200220-8BA15C84-59C5-11EA-B70E-B650B266629D/com_apple_MobileAsset_DictionaryServices_dictionaryOSX/45896ed6c5545f2ee74cca464d78c4e9b1c4fde3.zip	Portuguese - English.dictionary	Oxford Portuguese Dictionary - Português-Inglês • Inglês-Português
9	27115485	sha1:b95cd8dbfc1555602c1f6eed6c34bd208ed6ba19	http://updates-http.cdn-apple.com/2020/ios/061-44372-20200220-8BA15C84-59C5-11EA-B70E-B650B266629D/com_apple_MobileAsset_DictionaryServices_dictionaryOSX/a56edb1e51ffd2dc745b2cfda2b3052676fba072.zip	Portuguese.dictionary	Dicionário de Português licenciado para Oxford University Press
9	16901648	sha1:7f3ac7b5d3c9479d0f7ebe648bfd426655de3563	http://updates-http.cdn-apple.com/2020/ios/061-44372-20200220-8BA15C84-59C5-11EA-B70E-B650B266629D/com_apple_MobileAsset_DictionaryServices_dictionaryOSX/76e2f8a4028d1ed8a551beba215a8647a771d76f.zip	Russian - English.dictionary	Oxford Russian Dictionary - Русско-Английский • Англо-Русский
9	11325254	sha1:64f560ab65aa0ea1ff3048885688f93a0ebc2f2c	http://updates-http.cdn-apple.com/2020/ios/061-44372-20200220-8BA15C84-59C5-11EA-B70E-B650B266629D/com_apple_MobileAsset_DictionaryServices_dictionaryOSX/aed19fa234786f4a85d15327464b69d2f23529aa.zip	Russian.dictionary	Толковый словарь русского языка
9	33079264	sha1:dfb4fc3719bbb769932a5f090cecd7675276c5b0	http://updates-http.cdn-apple.com/2020/ios/061-44372-20200220-8BA15C84-59C5-11EA-B70E-B650B266629D/com_apple_MobileAsset_DictionaryServices_dictionaryOSX/b3b86a3a3219ad056e9d9bedf1c3f5572e248976.zip	Simplified Chinese - English.dictionary	牛津英汉汉英词典
9	16266716	sha1:8641c2642d3b5cc11088baef50cc1769edaf71ec	http://updates-http.cdn-apple.com/2020/ios/061-44372-20200220-8BA15C84-59C5-11EA-B70E-B650B266629D/com_apple_MobileAsset_DictionaryServices_dictionaryOSX/6c5abdcbce0c4436d7fb9f9a5f71e83ac95801c6.zip	The Standard Dictionary of Contemporary Chinese.dictionary	现代汉语规范词典
9	25523388	sha1:15dcf1f9ece3933daa03fb75fa76eed1da0444ee	http://updates-http.cdn-apple.com/2020/ios/061-44372-20200220-8BA15C84-59C5-11EA-B70E-B650B266629D/com_apple_MobileAsset_DictionaryServices_dictionaryOSX/722d9cbcc51dc816149c92645644cdd9e03bca00.zip	Spanish - English.dictionary	Gran Diccionario Oxford - Español-Inglés • Inglés-Español
9	18208128	sha1:abeaf6daf80912cca0db5beb0613f145a05dd1eb	http://updates-http.cdn-apple.com/2020/ios/061-44372-20200220-8BA15C84-59C5-11EA-B70E-B650B266629D/com_apple_MobileAsset_DictionaryServices_dictionaryOSX/20fb97b484f894c149a2c94879f8644c864eec82.zip	Spanish.dictionary	Diccionario General de la Lengua Española Vox
9	14547764	sha1:a9fad89f534e4cdd2a774ad9791669d4e7a70243	http://updates-http.cdn-apple.com/2020/ios/061-44372-20200220-8BA15C84-59C5-11EA-B70E-B650B266629D/com_apple_MobileAsset_DictionaryServices_dictionaryOSX/0a0bcc74c8243aea2dce9458c58f04b2c36c723a.zip	Swedish.dictionary	NE Ordbok
9	8237899	sha1:720012661c039d6acbbf50dc4226b80061caceb5	http://updates-http.cdn-apple.com/2020/ios/061-44372-20200220-8BA15C84-59C5-11EA-B70E-B650B266629D/com_apple_MobileAsset_DictionaryServices_dictionaryOSX/8b592a5f9bbb2d16e612c70587d39ea8f000160a.zip	Thai - English.dictionary	พจนานุกรมอังกฤษ-ไทย & ไทย-อังกฤษ ฉบับทันสมัยและสมบูรณ์ที่สุด
9	4839466	sha1:1283d3aab9a4512468a3c9b1bc2e23e625e9dba0	http://updates-http.cdn-apple.com/2020/ios/061-44372-20200220-8BA15C84-59C5-11EA-B70E-B650B266629D/com_apple_MobileAsset_DictionaryServices_dictionaryOSX/4916426bfd8b1da6fd26626c8068cd0f85ab967e.zip	Thai.dictionary	พจนานุกรมไทย ฉบับทันสมัยและสมบูรณ์
9	22983813	sha1:792b0ab9dd6b0b097e989a0ed7841531204a35b4	http://updates-http.cdn-apple.com/2020/ios/061-44372-20200220-8BA15C84-59C5-11EA-B70E-B650B266629D/com_apple_MobileAsset_DictionaryServices_dictionaryOSX/c75f4e8bd97661323b40ce8c20d85f5411169596.zip	Traditional Chinese - English.dictionary	譯典通英漢雙向字典
9	23968236	sha1:a497fb881a68548456313115ac2623190119e366	http://updates-http.cdn-apple.com/2020/ios/061-44372-20200220-8BA15C84-59C5-11EA-B70E-B650B266629D/com_apple_MobileAsset_DictionaryServices_dictionaryOSX/7e26a29a80f2136f8b61f7e3b10b90f1d51bbdd3.zip	Traditional Chinese.dictionary	五南國語活用辭典
9	9428	sha1:06ad6095f63ef32f2f01351a2d9d3d268df43ba4	http://updates-http.cdn-apple.com/2020/ios/061-44372-20200220-8BA15C84-59C5-11EA-B70E-B650B266629D/com_apple_MobileAsset_DictionaryServices_dictionaryOSX/428da84e0cd3ac0086c3d0db6e90fd6c9aec7a1a.zip	TTY Abbreviations Dictionary.dictionary	TTY Dictionary
9	15167539	sha1:2d0670a14a6eed9ed52756797ac9bdd51cb15cef	http://updates-http.cdn-apple.com/2020/ios/061-44372-20200220-8BA15C84-59C5-11EA-B70E-B650B266629D/com_apple_MobileAsset_DictionaryServices_dictionaryOSX/fe79122824c57b75a40cfff5c0a497a47f031c1d.zip	Turkish.dictionary	Arkadaş Türkçe Sözlük
9	40110568	sha1:253782ca371b807bb41e54c5f2115e51c29e33ce	http://updates-http.cdn-apple.com/2020/ios/061-44372-20200220-8BA15C84-59C5-11EA-B70E-B650B266629D/com_apple_MobileAsset_DictionaryServices_dictionaryOSX/0b854d3ad29c76b66bff64e49a3b86a1971d36b0.zip	Vietnamese - English.dictionary	Từ điển Lạc Việt
10	5389681	sha1:776e83cecb324ab2838dd481a512d51732afbe8d	http://updates-http.cdn-apple.com/2021/mobileassets/071-01175/EAC566BA-5F58-470B-AC08-B2E587B076FD/com_apple_MobileAsset_DictionaryServices_dictionaryOSX/bdd23471dacb65228ee262334e22f066366ca329.zip	Apple Dictionary.dictionary	Apple Dictionary
10	10421330	sha1:41d69989773af96dd951f5f1e8e7c007cdec1f80	http://updates-http.cdn-apple.com/2021/mobileassets/071-01175/EAC566BA-5F58-470B-AC08-B2E587B076FD/com_apple_MobileAsset_DictionaryServices_dictionaryOSX/8283ed6a0e2afcad6a3206187ed187d75bca4ff2.zip	Arabic - English.dictionary	Oxford Arabic Dictionary - عربي-إنجليزي • إنجليزي-عربي
10	12812059	sha1:c71134db6172fc30ae45b63c83806338bff44442	http://updates-http.cdn-apple.com/2021/mobileassets/071-01175/EAC566BA-5F58-470B-AC08-B2E587B076FD/com_apple_MobileAsset_DictionaryServices_dictionaryOSX/abfd9b8456153c64e9bd00f215cde4008394fec3.zip	Danish.dictionary	Politikens Nudansk Ordbog
10	12671188	sha1:45b0f2cda30e00aa3e796989d423bf1b974cd73a	http://updates-http.cdn-apple.com/2021/mobileassets/071-01175/EAC566BA-5F58-470B-AC08-B2E587B076FD/com_apple_MobileAsset_DictionaryServices_dictionaryOSX/c03abe01c29df9f330ef95b3d68ec7a074017fc4.zip	Dutch - English.dictionary	Prisma Handwoordenboek Engels
10	11877038	sha1:864d6e724eb0b1aa40ae699f285549ae340e1f2c	http://updates-http.cdn-apple.com/2021/mobileassets/071-01175/EAC566BA-5F58-470B-AC08-B2E587B076FD/com_apple_MobileAsset_DictionaryServices_dictionaryOSX/1c90960dbad21a32b87f3649f7db69346b0d7731.zip	Dutch.dictionary	Prisma woordenboek Nederlands
10	24184235	sha1:eceaba0e9baee79ac8f0b4629d5dbd4dc33bbded	http://updates-http.cdn-apple.com/2021/mobileassets/071-01175/EAC566BA-5F58-470B-AC08-B2E587B076FD/com_apple_MobileAsset_DictionaryServices_dictionaryOSX/c214f3e2ba8f0b26ce1d381fa76a92e09e927b7a.zip	French - English.dictionary	Oxford-Hachette French Dictionary
10	22898322	sha1:9dce174d19e3756f8966fae8ba20f32eb5c58488	http://updates-http.cdn-apple.com/2021/mobileassets/071-01175/EAC566BA-5F58-470B-AC08-B2E587B076FD/com_apple_MobileAsset_DictionaryServices_dictionaryOSX/aab9e155f1edf1921f8f6c947d017cabddc8a74f.zip	French - German.dictionary	PONS Großwörterbuch Französisch Deutsch
10	9495574	sha1:e37957f7425513da242ec5e6c117ed8cb39866eb	http://updates-http.cdn-apple.com/2021/mobileassets/071-01175/EAC566BA-5F58-470B-AC08-B2E587B076FD/com_apple_MobileAsset_DictionaryServices_dictionaryOSX/9618f1ca68f73a98d6691a72fccd4e99d7276fd5.zip	French.dictionary	Multidictionnaire de la langue française
10	31211337	sha1:0e19c8969449de9572ef1bc5080f3451a7b3d5d9	http://updates-http.cdn-apple.com/2021/mobileassets/071-01175/EAC566BA-5F58-470B-AC08-B2E587B076FD/com_apple_MobileAsset_DictionaryServices_dictionaryOSX/fb6334585a31d8f141c283ca84b8894ac79ed022.zip	German - English.dictionary	Oxford German Dictionary
10	77075556	sha1:7d2721c05cc53e036683b4e70978e78ffa6cc234	http://updates-http.cdn-apple.com/2021/mobileassets/071-01175/EAC566BA-5F58-470B-AC08-B2E587B076FD/com_apple_MobileAsset_DictionaryServices_dictionaryOSX/044fa73373ae47960e19689cde7dec494be0f7eb.zip	Duden Dictionary Data Set I.dictionary	Duden-Wissensnetz deutsche Sprache
10	18543349	sha1:41c28deddc18d8a35a44176dd63cc7bf14ea8402	http://updates-http.cdn-apple.com/2021/mobileassets/071-01175/EAC566BA-5F58-470B-AC08-B2E587B076FD/com_apple_MobileAsset_DictionaryServices_dictionaryOSX/568a2b4bd281ed4d00584ac7b202243c8203d86b.zip	Hebrew.dictionary	מילון אבן-שושן מחודש ומותאם לשנות האלפיים
10	14664992	sha1:d235d750772ee1a142fc5be734d97e0b0cae5938	http://updates-http.cdn-apple.com/2021/mobileassets/071-01175/EAC566BA-5F58-470B-AC08-B2E587B076FD/com_apple_MobileAsset_DictionaryServices_dictionaryOSX/ee702df3a54f85eddb3da58cb9a39502688091a4.zip	Hindi - English.dictionary	Oxford Hindi Dictionaries - हिन्दी-अंग्रेज़ी • अंग्रेज़ी-हिन्दी
10	8172785	sha1:d2307493804bf52061780803bd11bd0cf78ad8af	http://updates-http.cdn-apple.com/2021/mobileassets/071-01175/EAC566BA-5F58-470B-AC08-B2E587B076FD/com_apple_MobileAsset_DictionaryServices_dictionaryOSX/e23a02a032dc9fef2d30a9ffc970cf6e7403ae1e.zip	Hindi.dictionary	राजपाल हिन्दी शब्दकोश
10	2622032	sha1:81aeef2e273cd8e3d1999911b8abdca29eb9b722	http://updates-http.cdn-apple.com/2021/mobileassets/071-01175/EAC566BA-5F58-470B-AC08-B2E587B076FD/com_apple_MobileAsset_DictionaryServices_dictionaryOSX/6a502de6fc65f2552ff6b0c9e001d63a00af0781.zip	Indonesian - English.dictionary	Oxford Study Indonesian Dictionary - Inggris-Indonesia • Indonesia-Inggris
10	29485230	sha1:e2e0f6e068447f0cfe8d64eb842eba6a9f453260	http://updates-http.cdn-apple.com/2021/mobileassets/071-01175/EAC566BA-5F58-470B-AC08-B2E587B076FD/com_apple_MobileAsset_DictionaryServices_dictionaryOSX/784f603b028ce87455c49c05b7979f64288c62d8.zip	Italian - English.dictionary	Oxford Paravia Il Dizionario inglese - italiano/italiano - inglese
10	24983765	sha1:07cec14bd86802a613610ea83c8307a488441014	http://updates-http.cdn-apple.com/2021/mobileassets/071-01175/EAC566BA-5F58-470B-AC08-B2E587B076FD/com_apple_MobileAsset_DictionaryServices_dictionaryOSX/a57eca55849deabbffa89df79808830fd5ecaed3.zip	Italian.dictionary	Dizionario italiano da un affiliato di Oxford University Press
10	38986844	sha1:968ccf253a8f6988595374304af3f1f06ae5105f	http://updates-http.cdn-apple.com/2021/mobileassets/071-01175/EAC566BA-5F58-470B-AC08-B2E587B076FD/com_apple_MobileAsset_DictionaryServices_dictionaryOSX/eda7c0d385d0ccb68e97b60251d63e9e2633b466.zip	Sanseido The WISDOM English-Japanese Japanese-English Dictionary.dictionary	ウィズダム英和辞典 / ウィズダム和英辞典
10	73892833	sha1:9a366c46ad5f0770463f07e5751a1e2235db71f6	http://updates-http.cdn-apple.com/2021/mobileassets/071-01175/EAC566BA-5F58-470B-AC08-B2E587B076FD/com_apple_MobileAsset_DictionaryServices_dictionaryOSX/638773815497af8a6fcf3259489369d58f3f0e83.zip	Sanseido Super Daijirin.dictionary	スーパー大辞林
10	53057095	sha1:e5685d2fe6c010f5b7ce3ca62a3b6e59cea8e940	http://updates-http.cdn-apple.com/2021/mobileassets/071-01175/EAC566BA-5F58-470B-AC08-B2E587B076FD/com_apple_MobileAsset_DictionaryServices_dictionaryOSX/f1cd2ee4a3588b89dc908e03b2d896b47ec99ffb.zip	Korean - English.dictionary	뉴에이스 영한사전 / 뉴에이스 한영사전
10	83155648	sha1:348042caac71b3f8f189620b7c31d8c2bf0643e0	http://updates-http.cdn-apple.com/2021/mobileassets/071-01175/EAC566BA-5F58-470B-AC08-B2E587B076FD/com_apple_MobileAsset_DictionaryServices_dictionaryOSX/cb4f61cd0cbea548719bf9a91564a7d0a1692aba.zip	Korean.dictionary	뉴에이스 국어사전
10	11956826	sha1:3416e069ea240470f5c167e3167829c9c3c20a39	http://updates-http.cdn-apple.com/2021/mobileassets/071-01175/EAC566BA-5F58-470B-AC08-B2E587B076FD/com_apple_MobileAsset_DictionaryServices_dictionaryOSX/93e79070c3ecd45125623c7bd097d5f83eb687c8.zip	Norwegian.dictionary	Norsk Ordbok
10	33990596	sha1:e700fb07ff8bc266af11aade2d2bda028b19f717	http://updates-http.cdn-apple.com/2021/mobileassets/071-01175/EAC566BA-5F58-470B-AC08-B2E587B076FD/com_apple_MobileAsset_DictionaryServices_dictionaryOSX/b492c00313db19d14026cfac400e0918f233094c.zip	New Oxford American Dictionary.dictionary	New Oxford American Dictionary
10	6865423	sha1:2324c61850317f16153fae83a9fd54768a44dfa4	http://updates-http.cdn-apple.com/2021/mobileassets/071-01175/EAC566BA-5F58-470B-AC08-B2E587B076FD/com_apple_MobileAsset_DictionaryServices_dictionaryOSX/7a7ecb0660cee7940e075a20d6db4ee91487816f.zip	Oxford American Writer's Thesaurus.dictionary	Oxford American Writer’s Thesaurus
10	34042471	sha1:896b2e593681ae92c98459d0adef4fa59a981113	http://updates-http.cdn-apple.com/2021/mobileassets/071-01175/EAC566BA-5F58-470B-AC08-B2E587B076FD/com_apple_MobileAsset_DictionaryServices_dictionaryOSX/14410040bdf8479c0ce189cc3ac9a0969c284bc7.zip	Oxford Dictionary of English.dictionary	Oxford Dictionary of English
10	6894625	sha1:3b47c4bb93ca94715f4f90f88e5f96974d7c4eb2	http://updates-http.cdn-apple.com/2021/mobileassets/071-01175/EAC566BA-5F58-470B-AC08-B2E587B076FD/com_apple_MobileAsset_DictionaryServices_dictionaryOSX/c909f75c0323dc6cc2cf6cc9b70529a6640232b3.zip	Oxford Thesaurus of English.dictionary	Oxford Thesaurus of English
10	22104433	sha1:ddad6784f1b9a317864c3be2e0f9814c81aa596d	http://updates-http.cdn-apple.com/2021/mobileassets/071-01175/EAC566BA-5F58-470B-AC08-B2E587B076FD/com_apple_MobileAsset_DictionaryServices_dictionaryOSX/58290b813a8d28ea659ac3b38434899b33053f8d.zip	Polish - English.dictionary	Oxford PWN Polish-English Dictionary / Wielki słownik polsko-angielski
10	18022127	sha1:c43b33d31b0fef021e6eb53ff93602944bd8c004	http://updates-http.cdn-apple.com/2021/mobileassets/071-01175/EAC566BA-5F58-470B-AC08-B2E587B076FD/com_apple_MobileAsset_DictionaryServices_dictionaryOSX/edfa7997c1ec2cc9638e51d5e17bf6327e136a48.zip	Portuguese - English.dictionary	Oxford Portuguese Dictionary - Português-Inglês • Inglês-Português
10	27374521	sha1:fc184ee9456f386bd9c26c722fc28a82b3c18c76	http://updates-http.cdn-apple.com/2021/mobileassets/071-01175/EAC566BA-5F58-470B-AC08-B2E587B076FD/com_apple_MobileAsset_DictionaryServices_dictionaryOSX/5df7a34992cfab2e6f95473e476568087f2aec67.zip	Portuguese.dictionary	Dicionário de Português licenciado para Oxford University Press
10	17205908	sha1:6b9f83420d61d985ef3e85412cb0321c9b37e202	http://updates-http.cdn-apple.com/2021/mobileassets/071-01175/EAC566BA-5F58-470B-AC08-B2E587B076FD/com_apple_MobileAsset_DictionaryServices_dictionaryOSX/080428e0f3bde6c3918c4d2e5f6c2a732c7e1c2a.zip	Russian - English.dictionary	Oxford Russian Dictionary - Русско-Английский • Англо-Русский
10	11533815	sha1:81e184317e70951e17c0ae8ec5cfca8a924c1c30	http://updates-http.cdn-apple.com/2021/mobileassets/071-01175/EAC566BA-5F58-470B-AC08-B2E587B076FD/com_apple_MobileAsset_DictionaryServices_dictionaryOSX/a43c03f70ad9e9af0b7f2cd668d975a0b8fb73ab.zip	Russian.dictionary	Толковый словарь русского языка
10	31710367	sha1:4bfac79515aeebb10be5671cba09931851997382	http://updates-http.cdn-apple.com/2021/mobileassets/071-01175/EAC566BA-5F58-470B-AC08-B2E587B076FD/com_apple_MobileAsset_DictionaryServices_dictionaryOSX/55b19375174737253cc468fa4110c8b21ff4f54b.zip	Simplified Chinese - English.dictionary	牛津英汉汉英词典
10	29350356	sha1:262379900b715829d5f8c3b5b8917d056b051c0c	http://updates-http.cdn-apple.com/2021/mobileassets/071-01175/EAC566BA-5F58-470B-AC08-B2E587B076FD/com_apple_MobileAsset_DictionaryServices_dictionaryOSX/ada3657550da480622527a20c3c17343d1a9a420.zip	Simplified Chinese - Japanese.dictionary	超級クラウン中日辞典 / クラウン日中辞典
10	16448766	sha1:e656b15f80451b3a4c74ebc95a7cbf07aaf8d721	http://updates-http.cdn-apple.com/2021/mobileassets/071-01175/EAC566BA-5F58-470B-AC08-B2E587B076FD/com_apple_MobileAsset_DictionaryServices_dictionaryOSX/182cb56c5cbbb992be14a806fad80f3aae467e2c.zip	The Standard Dictionary of Contemporary Chinese.dictionary	现代汉语规范词典
10	26068140	sha1:8e7cf94828ba70bf16aa28b574c791a45601bba6	http://updates-http.cdn-apple.com/2021/mobileassets/071-01175/EAC566BA-5F58-470B-AC08-B2E587B076FD/com_apple_MobileAsset_DictionaryServices_dictionaryOSX/8c888a21821234e67c306982d06f92ae95757584.zip	Spanish - English.dictionary	Gran Diccionario Oxford - Español-Inglés • Inglés-Español
10	18376475	sha1:f4a4068ebc28d023ed7b397d53a65dd45f93371b	http://updates-http.cdn-apple.com/2021/mobileassets/071-01175/EAC566BA-5F58-470B-AC08-B2E587B076FD/com_apple_MobileAsset_DictionaryServices_dictionaryOSX/7a2f79f4dd2ea8e3527a1c4a6d87977230cf5a1b.zip	Spanish.dictionary	Diccionario General de la Lengua Española Vox
10	14531956	sha1:7307a6d78b84f303742ddbaa9bb7cb258de27b18	http://updates-http.cdn-apple.com/2021/mobileassets/071-01175/EAC566BA-5F58-470B-AC08-B2E587B076FD/com_apple_MobileAsset_DictionaryServices_dictionaryOSX/4fedb2dde6bcfa1eba08e3a9ad37a8c745f157ed.zip	Swedish.dictionary	NE Ordbok
10	8381322	sha1:7fd98a210d38aea9ad10408ea152f97fe499ae06	http://updates-http.cdn-apple.com/2021/mobileassets/071-01175/EAC566BA-5F58-470B-AC08-B2E587B076FD/com_apple_MobileAsset_DictionaryServices_dictionaryOSX/1e61487675ddf83fb3405a7d35ea6c20dfb7062b.zip	Thai - English.dictionary	พจนานุกรมอังกฤษ-ไทย & ไทย-อังกฤษ ฉบับทันสมัยและสมบูรณ์ที่สุด
10	4889766	sha1:ae4a174d88a4277c541349813ee379acb6d098b2	http://updates-http.cdn-apple.com/2021/mobileassets/071-01175/EAC566BA-5F58-470B-AC08-B2E587B076FD/com_apple_MobileAsset_DictionaryServices_dictionaryOSX/3d5c34139075b2cb414327f6b53e5931f415db87.zip	Thai.dictionary	พจนานุกรมไทย ฉบับทันสมัยและสมบูรณ์
10	23530182	sha1:e7a6ae8e4ade6cef31ed4d4c44a891117d70c276	http://updates-http.cdn-apple.com/2021/mobileassets/071-01175/EAC566BA-5F58-470B-AC08-B2E587B076FD/com_apple_MobileAsset_DictionaryServices_dictionaryOSX/61b7116a97bd2e4d3a5962b92486c877c9e9e7b2.zip	Traditional Chinese - English.dictionary	譯典通英漢雙向字典
10	24051620	sha1:15ca391ba451c160874fe584597f4a1be84beb5e	http://updates-http.cdn-apple.com/2021/mobileassets/071-01175/EAC566BA-5F58-470B-AC08-B2E587B076FD/com_apple_MobileAsset_DictionaryServices_dictionaryOSX/e81593fb12e5a5c6dc1c1c487918ad079ff267a0.zip	Traditional Chinese.dictionary	五南國語活用辭典
10	9429	sha1:8a5b10197c145b0926f3439a16977ddf1aa5d2c3	http://updates-http.cdn-apple.com/2021/mobileassets/071-01175/EAC566BA-5F58-470B-AC08-B2E587B076FD/com_apple_MobileAsset_DictionaryServices_dictionaryOSX/c24e796fd32bbdd0696b7b0d8282b9d5709c2362.zip	TTY Abbreviations Dictionary.dictionary	TTY Dictionary
10	15224371	sha1:61c9c30c1e61db849d3b8faf9caabffd1d592a0c	http://updates-http.cdn-apple.com/2021/mobileassets/071-01175/EAC566BA-5F58-470B-AC08-B2E587B076FD/com_apple_MobileAsset_DictionaryServices_dictionaryOSX/0006473e3fcd4a106926c09e9a9422ab77335685.zip	Turkish.dictionary	Arkadaş Türkçe Sözlük
10	40684636	sha1:d5cbd56914d0cfbe99eb2e37095f67d2261e8818	http://updates-http.cdn-apple.com/2021/mobileassets/071-01175/EAC566BA-5F58-470B-AC08-B2E587B076FD/com_apple_MobileAsset_DictionaryServices_dictionaryOSX/ad6d12db9c5739c96ae6c8d19e6511824fe24494.zip	Vietnamese - English.dictionary	Từ điển Lạc Việt
11	5838981	sha1:d07ddfbaedb5a64775929a60536212ea6b988d0a	https://updates.cdn-apple.com/2021/mobileassets/071-91105/2D5F40AB-A38F-4CE9-A76E-C2B42DAB1DB9/com_apple_MobileAsset_DictionaryServices_dictionaryOSX/50b2be936095e90903902347e038f45da0482048.zip	Apple Dictionary.dictionary	Apple Dictionary
11	10362908	sha1:1f31696650ced04d02fef949a70e6d9fa2f0a492	https://updates.cdn-apple.com/2021/mobileassets/071-91105/2D5F40AB-A38F-4CE9-A76E-C2B42DAB1DB9/com_apple_MobileAsset_DictionaryServices_dictionaryOSX/87b1ea36f96ab80a3d8fc643f5b9586ec09c84ea.zip	Arabic - English.dictionary	Oxford Arabic Dictionary - عربي-إنجليزي • إنجليزي-عربي
11	629344	sha1:4c02ec9bb53e74416999603ea4dcf8aa4fb8534a	https://updates.cdn-apple.com/2021/mobileassets/071-91105/2D5F40AB-A38F-4CE9-A76E-C2B42DAB1DB9/com_apple_MobileAsset_DictionaryServices_dictionaryOSX/daacda968e33942adda0afdfb63a1073dc423184.zip	Cantonese - English.dictionary	英譯廣東口語詞典
11	12812059	sha1:54582dcbc3c08934655dc2eba42b70ec2fc76125	https://updates.cdn-apple.com/2021/mobileassets/071-91105/2D5F40AB-A38F-4CE9-A76E-C2B42DAB1DB9/com_apple_MobileAsset_DictionaryServices_dictionaryOSX/6bea33505035a9e7c66e1c8e1a0fd375742f4974.zip	Danish.dictionary	Politikens Nudansk Ordbog
11	12596036	sha1:8803d650489578f384e28838e9fb6ac1088e2e0d	https://updates.cdn-apple.com/2021/mobileassets/071-91105/2D5F40AB-A38F-4CE9-A76E-C2B42DAB1DB9/com_apple_MobileAsset_DictionaryServices_dictionaryOSX/ed2661d3df8e44c068250f1817b7caf050ece1cb.zip	Dutch - English.dictionary	Prisma Handwoordenboek Engels
11	11877037	sha1:0adc12739ed596a094759d761b41cfff7d519d11	https://updates.cdn-apple.com/2021/mobileassets/071-91105/2D5F40AB-A38F-4CE9-A76E-C2B42DAB1DB9/com_apple_MobileAsset_DictionaryServices_dictionaryOSX/dc873ed9bcf28fb197ac2a35f8195e419cb6c086.zip	Dutch.dictionary	Prisma woordenboek Nederlands
11	24104358	sha1:562bd7373479b3eec21a47cc76e5b59171ab54d3	https://updates.cdn-apple.com/2021/mobileassets/071-91105/2D5F40AB-A38F-4CE9-A76E-C2B42DAB1DB9/com_apple_MobileAsset_DictionaryServices_dictionaryOSX/2ef29589eb29111125af0c0345d74473f0856a34.zip	French - English.dictionary	Oxford-Hachette French Dictionary
11	22900598	sha1:731326a1ce32169c60fb835f91ff02a3204de4b4	https://updates.cdn-apple.com/2021/mobileassets/071-91105/2D5F40AB-A38F-4CE9-A76E-C2B42DAB1DB9/com_apple_MobileAsset_DictionaryServices_dictionaryOSX/7d100dfaae6cc6583a1efa9dc6e7507e35d69933.zip	French - German.dictionary	PONS Großwörterbuch Französisch Deutsch
11	9501355	sha1:086aaf4bb2d9f9a0de118adeea7e50d829df8341	https://updates.cdn-apple.com/2021/mobileassets/071-91105/2D5F40AB-A38F-4CE9-A76E-C2B42DAB1DB9/com_apple_MobileAsset_DictionaryServices_dictionaryOSX/f0b7bc8b5fffb813a7b545452543f6c4451355ad.zip	French.dictionary	Multidictionnaire de la langue française
11	31129160	sha1:b0ad4bd7da621504ea7d99fb5af032d494f52052	https://updates.cdn-apple.com/2021/mobileassets/071-91105/2D5F40AB-A38F-4CE9-A76E-C2B42DAB1DB9/com_apple_MobileAsset_DictionaryServices_dictionaryOSX/69166a2a7316da2e9c276540a1f8c43c5f03ce40.zip	German - English.dictionary	Oxford German Dictionary
11	77334902	sha1:5f10008e377a38913f55783105efb52b0cb926c9	https://updates.cdn-apple.com/2021/mobileassets/071-91105/2D5F40AB-A38F-4CE9-A76E-C2B42DAB1DB9/com_apple_MobileAsset_DictionaryServices_dictionaryOSX/f62d81fa109f202b632b3207ebd800acf0bc336b.zip	Duden Dictionary Data Set I.dictionary	Duden-Wissensnetz deutsche Sprache
11	9566163	sha1:ca9e4ae9db7126f6567aa800a21286e8bedf64cc	https://updates.cdn-apple.com/2021/mobileassets/071-91105/2D5F40AB-A38F-4CE9-A76E-C2B42DAB1DB9/com_apple_MobileAsset_DictionaryServices_dictionaryOSX/e487052329dbe1fdaecc49e91cdc0078522e9436.zip	Gujarati - English.dictionary	Oxford Gujarati Dictionaries - ગુજરાતી-અંગ્રેજી • અંગ્રેજી-ગુજરાતી
11	18543347	sha1:b96f46995a10bff719a793938506dafab202a948	https://updates.cdn-apple.com/2021/mobileassets/071-91105/2D5F40AB-A38F-4CE9-A76E-C2B42DAB1DB9/com_apple_MobileAsset_DictionaryServices_dictionaryOSX/8dc86ea722b21ef7ec4152f510bcef80352d7365.zip	Hebrew.dictionary	מילון אבן-שושן מחודש ומותאם לשנות האלפיים
11	14745569	sha1:9db2ca200d9e18ef4f34d46d6533abeb74faa9a2	https://updates.cdn-apple.com/2021/mobileassets/071-91105/2D5F40AB-A38F-4CE9-A76E-C2B42DAB1DB9/com_apple_MobileAsset_DictionaryServices_dictionaryOSX/ee9703469dd592d973cd7ca43a6f3a29125f1186.zip	Hindi - English.dictionary	Oxford Hindi Dictionaries - हिन्दी-अंग्रेज़ी • अंग्रेज़ी-हिन्दी
11	8172793	sha1:bd84b4cd5521023b9c8650c9cd2fbfd6be745b00	https://updates.cdn-apple.com/2021/mobileassets/071-91105/2D5F40AB-A38F-4CE9-A76E-C2B42DAB1DB9/com_apple_MobileAsset_DictionaryServices_dictionaryOSX/9987b36be18e8b0ca685b28ce2ca758f29241f1b.zip	Hindi.dictionary	राजपाल हिन्दी शब्दकोश
11	2592057	sha1:06dabffc87d2c6f3eddc95ca0f6e2d149672c3da	https://updates.cdn-apple.com/2021/mobileassets/071-91105/2D5F40AB-A38F-4CE9-A76E-C2B42DAB1DB9/com_apple_MobileAsset_DictionaryServices_dictionaryOSX/33e1da44f56c725505a3a6712bac01967bcdfd60.zip	Indonesian - English.dictionary	Oxford Study Indonesian Dictionary - Inggris-Indonesia • Indonesia-Inggris
11	29392376	sha1:012204c001e6dcfbabe93fe6c64db6c1847ef3b2	https://updates.cdn-apple.com/2021/mobileassets/071-91105/2D5F40AB-A38F-4CE9-A76E-C2B42DAB1DB9/com_apple_MobileAsset_DictionaryServices_dictionaryOSX/94bac4a1101298d77f299c34b40a509a44f15d49.zip	Italian - English.dictionary	Oxford Paravia Il Dizionario inglese - italiano/italiano - inglese
11	24983765	sha1:0a16b91b4b98958fdb66ce4904b0326c5a364f6e	https://updates.cdn-apple.com/2021/mobileassets/071-91105/2D5F40AB-A38F-4CE9-A76E-C2B42DAB1DB9/com_apple_MobileAsset_DictionaryServices_dictionaryOSX/48d431a8404acb9d6eac69cf3fa55c0b188363c1.zip	Italian.dictionary	Dizionario italiano da un affiliato di Oxford University Press
11	38921847	sha1:2a590fc21f192a7bb563cea2f1621be85d0a1bb6	https://updates.cdn-apple.com/2021/mobileassets/071-91105/2D5F40AB-A38F-4CE9-A76E-C2B42DAB1DB9/com_apple_MobileAsset_DictionaryServices_dictionaryOSX/41bffe8973639bdf0157d95998be9a2747d59bdf.zip	Sanseido The WISDOM English-Japanese Japanese-English Dictionary.dictionary	ウィズダム英和辞典 / ウィズダム和英辞典
11	75513143	sha1:e75ad06dd7c77ba47942fc7af0a1b7f1e679b6ce	https://updates.cdn-apple.com/2021/mobileassets/071-91105/2D5F40AB-A38F-4CE9-A76E-C2B42DAB1DB9/com_apple_MobileAsset_DictionaryServices_dictionaryOSX/c0057096425eea1a9f9437c0b94ea36278f450be.zip	Sanseido Super Daijirin.dictionary	スーパー大辞林
11	52993017	sha1:baf5c93269878059d2bc63de6356a2cb78fa0c96	https://updates.cdn-apple.com/2021/mobileassets/071-91105/2D5F40AB-A38F-4CE9-A76E-C2B42DAB1DB9/com_apple_MobileAsset_DictionaryServices_dictionaryOSX/474ddfe78578394514ada846d63b3e665d26ab3d.zip	Korean - English.dictionary	뉴에이스 영한사전 / 뉴에이스 한영사전
11	82711563	sha1:4297d11c36cf66502284fb2bf27b829878c77b98	https://updates.cdn-apple.com/2021/mobileassets/071-91105/2D5F40AB-A38F-4CE9-A76E-C2B42DAB1DB9/com_apple_MobileAsset_DictionaryServices_dictionaryOSX/523206ba68c2f6d14316d3ec9922b8a728dc044a.zip	Korean.dictionary	뉴에이스 국어사전
11	11956828	sha1:e6be2f5a78888d74738ed4e0ff22c3a42c096318	https://updates.cdn-apple.com/2021/mobileassets/071-91105/2D5F40AB-A38F-4CE9-A76E-C2B42DAB1DB9/com_apple_MobileAsset_DictionaryServices_dictionaryOSX/53f038a4c5cc41d20ab12007df55e28dc90d307f.zip	Norwegian.dictionary	Norsk Ordbok
11	33910256	sha1:fd2794133488d29aa3796fe2354d180c9d89d1f5	https://updates.cdn-apple.com/2021/mobileassets/071-91105/2D5F40AB-A38F-4CE9-A76E-C2B42DAB1DB9/com_apple_MobileAsset_DictionaryServices_dictionaryOSX/02fd264982999564da80bb158d2a343eabc5b472.zip	New Oxford American Dictionary.dictionary	New Oxford American Dictionary
11	6830386	sha1:91c1a7244f73614304311a08ee14449aa6bcf103	https://updates.cdn-apple.com/2021/mobileassets/071-91105/2D5F40AB-A38F-4CE9-A76E-C2B42DAB1DB9/com_apple_MobileAsset_DictionaryServices_dictionaryOSX/956082156af1e61c19bc694f6510cd838984ce06.zip	Oxford American Writer's Thesaurus.dictionary	Oxford American Writer’s Thesaurus
11	34003713	sha1:952357c315aa875bb822eba20bddba8e9728dacd	https://updates.cdn-apple.com/2021/mobileassets/071-91105/2D5F40AB-A38F-4CE9-A76E-C2B42DAB1DB9/com_apple_MobileAsset_DictionaryServices_dictionaryOSX/1588b41f0f38974224dfe4942c0156745cc76262.zip	Oxford Dictionary of English.dictionary	Oxford Dictionary of English
11	6857583	sha1:520b2af34317722117e2b7f6f4197cbcd811454a	https://updates.cdn-apple.com/2021/mobileassets/071-91105/2D5F40AB-A38F-4CE9-A76E-C2B42DAB1DB9/com_apple_MobileAsset_DictionaryServices_dictionaryOSX/f69f730cd4f0c341210775e5182fbd2fe2ce52dc.zip	Oxford Thesaurus of English.dictionary	Oxford Thesaurus of English
11	22027604	sha1:2ba609be8021a41842de86fecd2e50cfe278c91b	https://updates.cdn-apple.com/2021/mobileassets/071-91105/2D5F40AB-A38F-4CE9-A76E-C2B42DAB1DB9/com_apple_MobileAsset_DictionaryServices_dictionaryOSX/ec28cf38ec834cc9c712ee512fa84212b98f8e63.zip	Polish - English.dictionary	Oxford PWN Polish-English Dictionary / Wielki słownik polsko-angielski
11	17950229	sha1:9651317346356d0a953316c021a59dba1a90f416	https://updates.cdn-apple.com/2021/mobileassets/071-91105/2D5F40AB-A38F-4CE9-A76E-C2B42DAB1DB9/com_apple_MobileAsset_DictionaryServices_dictionaryOSX/7f8f27e5e8cb2e16be6bb75fc43bbb44e68e742a.zip	Portuguese - English.dictionary	Oxford Portuguese Dictionary - Português-Inglês • Inglês-Português
11	28954711	sha1:4b08708440319a89ad2493333a48c50d94e9da58	https://updates.cdn-apple.com/2021/mobileassets/071-91105/2D5F40AB-A38F-4CE9-A76E-C2B42DAB1DB9/com_apple_MobileAsset_DictionaryServices_dictionaryOSX/1c3157476a7813b40a2f2d40f523c7f418c961d9.zip	Portuguese.dictionary	Dicionário de Português licenciado para Oxford University Press
11	17127002	sha1:d17feefd8307eedf0113c89811d413091f13f151	https://updates.cdn-apple.com/2021/mobileassets/071-91105/2D5F40AB-A38F-4CE9-A76E-C2B42DAB1DB9/com_apple_MobileAsset_DictionaryServices_dictionaryOSX/e4e24e8ba21bfcf47a3e7932bdd1fce042690d64.zip	Russian - English.dictionary	Oxford Russian Dictionary - Русско-Английский • Англо-Русский
11	11533823	sha1:d11cf3612ee1ca06d17420372c2b599fae70a221	https://updates.cdn-apple.com/2021/mobileassets/071-91105/2D5F40AB-A38F-4CE9-A76E-C2B42DAB1DB9/com_apple_MobileAsset_DictionaryServices_dictionaryOSX/7d876cf04eb861ca6a5869b21e2f9f9178f20f8a.zip	Russian.dictionary	Толковый словарь русского языка
11	31631698	sha1:5f09f8cf9bd48cc75a43313c20388258f5cf2e06	https://updates.cdn-apple.com/2021/mobileassets/071-91105/2D5F40AB-A38F-4CE9-A76E-C2B42DAB1DB9/com_apple_MobileAsset_DictionaryServices_dictionaryOSX/b957f51e46e12d12d7765ce6a3ad1e2171e3e405.zip	Simplified Chinese - English.dictionary	牛津英汉汉英词典
11	4340948	sha1:1db950bf881f57df8ed1318637e8768d51c0483a	https://updates.cdn-apple.com/2021/mobileassets/071-91105/2D5F40AB-A38F-4CE9-A76E-C2B42DAB1DB9/com_apple_MobileAsset_DictionaryServices_dictionaryOSX/da9b2c311fefa0494c4aa44697711e0d61e96280.zip	Simplified Chinese Idioms.dictionary	汉语成语词典
11	29424712	sha1:67a257cbb5eccf0e58d58a0cd3b55de76c0cbecb	https://updates.cdn-apple.com/2021/mobileassets/071-91105/2D5F40AB-A38F-4CE9-A76E-C2B42DAB1DB9/com_apple_MobileAsset_DictionaryServices_dictionaryOSX/459a152fbca9241102f63cac865296df99a94680.zip	Simplified Chinese - Japanese.dictionary	超級クラウン中日辞典 / クラウン日中辞典
11	16439503	sha1:c973303d9a40d80b41c1c06e4abfda8f1cb9b15c	https://updates.cdn-apple.com/2021/mobileassets/071-91105/2D5F40AB-A38F-4CE9-A76E-C2B42DAB1DB9/com_apple_MobileAsset_DictionaryServices_dictionaryOSX/a0142b8c3c91821d58dbc68e3dc0e884d18c6902.zip	The Standard Dictionary of Contemporary Chinese.dictionary	现代汉语规范词典
11	849537	sha1:a84fda4b4338cb9160f9b35ad9c6d387beaf1eb7	https://updates.cdn-apple.com/2021/mobileassets/071-91105/2D5F40AB-A38F-4CE9-A76E-C2B42DAB1DB9/com_apple_MobileAsset_DictionaryServices_dictionaryOSX/92ae17403a35338e7f42c6c1d4c89685f951bf4a.zip	Simplified Chinese Thesaurus.dictionary	现代汉语同义词典
11	26001892	sha1:7ebc4eac6836940f23a9dc9fae3822da7bd6bb56	https://updates.cdn-apple.com/2021/mobileassets/071-91105/2D5F40AB-A38F-4CE9-A76E-C2B42DAB1DB9/com_apple_MobileAsset_DictionaryServices_dictionaryOSX/93bb4062a7447a4599df4f6e650fa82b8a96033c.zip	Spanish - English.dictionary	Gran Diccionario Oxford - Español-Inglés • Inglés-Español
11	18379773	sha1:fd3ab6917a27ce4becdc33bff2fb92e8ad253351	https://updates.cdn-apple.com/2021/mobileassets/071-91105/2D5F40AB-A38F-4CE9-A76E-C2B42DAB1DB9/com_apple_MobileAsset_DictionaryServices_dictionaryOSX/dc696cbe0cc9ef1f70e36876eec056d8deb6a476.zip	Spanish.dictionary	Diccionario General de la Lengua Española Vox
11	14531965	sha1:cf8a54db69a948db20d5289d9148c0ad77cb8a2e	https://updates.cdn-apple.com/2021/mobileassets/071-91105/2D5F40AB-A38F-4CE9-A76E-C2B42DAB1DB9/com_apple_MobileAsset_DictionaryServices_dictionaryOSX/0c02661cf4a81204ffa4c110b1067fa116233bcf.zip	Swedish.dictionary	NE Ordbok
11	10271804	sha1:13f7f477ceff7d684f3205b011504bd3deeab66f	https://updates.cdn-apple.com/2021/mobileassets/071-91105/2D5F40AB-A38F-4CE9-A76E-C2B42DAB1DB9/com_apple_MobileAsset_DictionaryServices_dictionaryOSX/140aae7ed1a93c281b282938d7bccbe91d1c8eb0.zip	Tamil - English.dictionary	Oxford Tamil Dictionaries - தமிழ்-ஆங்கிலம் • ஆங்கிலம்-தமிழ்
11	7829196	sha1:9958c2236ed7e9710116755652e4cca8192b3ba8	https://updates.cdn-apple.com/2021/mobileassets/071-91105/2D5F40AB-A38F-4CE9-A76E-C2B42DAB1DB9/com_apple_MobileAsset_DictionaryServices_dictionaryOSX/2b4f526503522552ee82903a2e59a7ef745792bc.zip	Telugu - English.dictionary	Oxford Telugu Dictionaries - తెలుగు-ఇంగ్లీష్ • ఇంగ్లీష్-తెలుగు
11	8314568	sha1:1b26683ca287dfa4cef4b0bbff8b2820dbab8fe3	https://updates.cdn-apple.com/2021/mobileassets/071-91105/2D5F40AB-A38F-4CE9-A76E-C2B42DAB1DB9/com_apple_MobileAsset_DictionaryServices_dictionaryOSX/f658382c99ae942893e41cf1707989bc97b7e48b.zip	Thai - English.dictionary	พจนานุกรมอังกฤษ-ไทย & ไทย-อังกฤษ ฉบับทันสมัยและสมบูรณ์ที่สุด
11	4889769	sha1:988fc0f8ac3f90450465313afeee6a8e8a4f6864	https://updates.cdn-apple.com/2021/mobileassets/071-91105/2D5F40AB-A38F-4CE9-A76E-C2B42DAB1DB9/com_apple_MobileAsset_DictionaryServices_dictionaryOSX/514760a29ae4d96d9543015e537b214a14613875.zip	Thai.dictionary	พจนานุกรมไทย ฉบับทันสมัยและสมบูรณ์
11	5943734	sha1:63f5c5f20cc2901da47bfb16665553e21e9bd015	https://updates.cdn-apple.com/2021/mobileassets/071-91105/2D5F40AB-A38F-4CE9-A76E-C2B42DAB1DB9/com_apple_MobileAsset_DictionaryServices_dictionaryOSX/d72960851aaafe982a0d72e179cc728d5aa1c5a1.zip	Traditional Chinese Common Words.dictionary	商務新詞典（全新版）
11	23452922	sha1:9b72d994f8d7ff9c65eb20445b882a0a39084931	https://updates.cdn-apple.com/2021/mobileassets/071-91105/2D5F40AB-A38F-4CE9-A76E-C2B42DAB1DB9/com_apple_MobileAsset_DictionaryServices_dictionaryOSX/40c48f5b5c6b15a4b13adef364a888837aa5a196.zip	Traditional Chinese - English.dictionary	譯典通英漢雙向字典
11	2038443	sha1:a74e9f99183201ca5727d6625c8714d4368a987f	https://updates.cdn-apple.com/2021/mobileassets/071-91105/2D5F40AB-A38F-4CE9-A76E-C2B42DAB1DB9/com_apple_MobileAsset_DictionaryServices_dictionaryOSX/537b3ef5e4b671e97dc48dc99a6b0ac6739e787b.zip	Traditional Chinese - English Idioms.dictionary	漢英對照成語詞典
11	24048633	sha1:aa9f6806b7be4e9c0a5f38faa3ac0d406145da64	https://updates.cdn-apple.com/2021/mobileassets/071-91105/2D5F40AB-A38F-4CE9-A76E-C2B42DAB1DB9/com_apple_MobileAsset_DictionaryServices_dictionaryOSX/2581f34b6cac62fc638272d10ad1961ba1af6f0d.zip	Traditional Chinese.dictionary	五南國語活用辭典
11	9429	sha1:ed1f6ffc56f434eb413647b6df670766bdb35a73	https://updates.cdn-apple.com/2021/mobileassets/071-91105/2D5F40AB-A38F-4CE9-A76E-C2B42DAB1DB9/com_apple_MobileAsset_DictionaryServices_dictionaryOSX/0259d1bbd50b285346b867718d408ea0872794d5.zip	TTY Abbreviations Dictionary.dictionary	TTY Dictionary
11	15224441	sha1:10bb6935f2d8f9becf80c2b6b9d04a20b7622cf6	https://updates.cdn-apple.com/2021/mobileassets/071-91105/2D5F40AB-A38F-4CE9-A76E-C2B42DAB1DB9/com_apple_MobileAsset_DictionaryServices_dictionaryOSX/994de15cd99cee787d2ba87b3b9789574c0101c8.zip	Turkish.dictionary	Arkadaş Türkçe Sözlük
11	23207716	sha1:f5e53ef7326119d40b657ffb376f5ec682e9a400	https://updates.cdn-apple.com/2021/mobileassets/071-91105/2D5F40AB-A38F-4CE9-A76E-C2B42DAB1DB9/com_apple_MobileAsset_DictionaryServices_dictionaryOSX/4129b583ae8dde834ccbf9dc28afd200a53e2577.zip	Urdu - English.dictionary	Oxford Urdu Dictionaries - اردو۔انگریزی • انگریزی-اردو
11	40580757	sha1:ed2787cf4a1a4f8bb1aa30891f5dc7f40d9367f2	https://updates.cdn-apple.com/2021/mobileassets/071-91105/2D5F40AB-A38F-4CE9-A76E-C2B42DAB1DB9/com_apple_MobileAsset_DictionaryServices_dictionaryOSX/8071cd09814484fa322c527a5f5c1cd26b0fda9b.zip	Vietnamese - English.dictionary	Từ điển Lạc Việt
